mean_fit_time,std_fit_time,mean_score_time,std_score_time,param_subsample,param_reg_lambda,param_reg_alpha,param_n_estimators,param_max_depth,param_learning_rate,param_colsample_bytree,params,split0_test_score,split1_test_score,split2_test_score,split3_test_score,split4_test_score,mean_test_score,std_test_score,rank_test_score
9.14219708442688,0.18893485419956063,0.00486445426940918,0.0005347864253027173,0.8,0.5,0.5,300,4,0.01,0.9,"{'subsample': 0.8, 'reg_lambda': 0.5, 'reg_alpha': 0.5, 'n_estimators': 300, 'max_depth': 4, 'learning_rate': 0.01, 'colsample_bytree': 0.9}",-0.18963846564292908,-0.2030995786190033,-0.281186580657959,-0.23836678266525269,-0.24235224723815918,-0.23092873096466066,0.0322211747879016,2
8.102668571472169,0.0765809195973892,0.0047627449035644535,0.0006603092934884612,0.7,2.0,0.5,300,4,0.01,0.8,"{'subsample': 0.7, 'reg_lambda': 2.0, 'reg_alpha': 0.5, 'n_estimators': 300, 'max_depth': 4, 'learning_rate': 0.01, 'colsample_bytree': 0.8}",-0.18841348588466644,-0.19717128574848175,-0.27941450476646423,-0.24063651263713837,-0.24424199759960175,-0.2299755573272705,0.033361423310384726,1
7.872505331039429,0.4799546863503192,0.00489497184753418,0.00031391707955451725,0.9,2.0,0.0,100,6,0.05,0.9,"{'subsample': 0.9, 'reg_lambda': 2.0, 'reg_alpha': 0.0, 'n_estimators': 100, 'max_depth': 6, 'learning_rate': 0.05, 'colsample_bytree': 0.9}",-0.20571759343147278,-0.2176993191242218,-0.28398656845092773,-0.23379100859165192,-0.26120811700820923,-0.2404805213212967,0.028616789719963277,40
32.42576127052307,0.5863538439554763,0.004681587219238281,0.0006838694556896528,0.7,1.0,0.0,300,8,0.01,0.9,"{'subsample': 0.7, 'reg_lambda': 1.0, 'reg_alpha': 0.0, 'n_estimators': 300, 'max_depth': 8, 'learning_rate': 0.01, 'colsample_bytree': 0.9}",-0.1924820840358734,-0.2115662395954132,-0.2942402958869934,-0.24348345398902893,-0.2590568959712982,-0.24016579389572143,0.035731227417773126,38
2.193780946731567,0.09397027499956007,0.004846429824829102,0.0006233115053887731,0.7,1.0,1.0,100,4,0.1,0.8,"{'subsample': 0.7, 'reg_lambda': 1.0, 'reg_alpha': 1.0, 'n_estimators': 100, 'max_depth': 4, 'learning_rate': 0.1, 'colsample_bytree': 0.8}",-0.2051454484462738,-0.20003633201122284,-0.2879398465156555,-0.23248854279518127,-0.26920291781425476,-0.23896261751651765,0.034681450353737917,34
19.478922653198243,0.3826242750381239,0.005204057693481446,0.0009221660380736558,0.8,2.0,0.0,200,8,0.01,0.7,"{'subsample': 0.8, 'reg_lambda': 2.0, 'reg_alpha': 0.0, 'n_estimators': 200, 'max_depth': 8, 'learning_rate': 0.01, 'colsample_bytree': 0.7}",-0.18726012110710144,-0.206916943192482,-0.2776971459388733,-0.24744735658168793,-0.24518036842346191,-0.23290038704872132,0.03202291399005273,6
13.83472981452942,0.7764735188880714,0.004697990417480469,0.0006129415774946272,0.9,1.0,0.0,200,6,0.05,0.9,"{'subsample': 0.9, 'reg_lambda': 1.0, 'reg_alpha': 0.0, 'n_estimators': 200, 'max_depth': 6, 'learning_rate': 0.05, 'colsample_bytree': 0.9}",-0.20268942415714264,-0.221114844083786,-0.29184776544570923,-0.2430131733417511,-0.2561038136482239,-0.24295380413532258,0.030534263373048716,44
5.905008172988891,0.20880667041758005,0.005005407333374024,0.00013181191891742318,0.7,0.5,1.0,200,6,0.05,0.7,"{'subsample': 0.7, 'reg_lambda': 0.5, 'reg_alpha': 1.0, 'n_estimators': 200, 'max_depth': 6, 'learning_rate': 0.05, 'colsample_bytree': 0.7}",-0.2017095983028412,-0.1996169537305832,-0.28545936942100525,-0.23370200395584106,-0.2505389153957367,-0.23420536816120147,0.03208222017703176,11
11.95565161705017,0.1714741790501772,0.005042886734008789,0.0006497385742274317,0.9,1.0,0.5,200,8,0.05,0.9,"{'subsample': 0.9, 'reg_lambda': 1.0, 'reg_alpha': 0.5, 'n_estimators': 200, 'max_depth': 8, 'learning_rate': 0.05, 'colsample_bytree': 0.9}",-0.19879356026649475,-0.20331622660160065,-0.27905529737472534,-0.24078461527824402,-0.25880858302116394,-0.23615165650844575,0.0311426262140439,20
8.658924865722657,0.22174886006436012,0.005155611038208008,0.000323038660201608,0.8,2.0,1.0,300,6,0.05,0.9,"{'subsample': 0.8, 'reg_lambda': 2.0, 'reg_alpha': 1.0, 'n_estimators': 300, 'max_depth': 6, 'learning_rate': 0.05, 'colsample_bytree': 0.9}",-0.19458132982254028,-0.19860707223415375,-0.2764386236667633,-0.23695452511310577,-0.2630707919597626,-0.23393046855926514,0.03304948914531794,9
5.341108608245849,0.16917522261127688,0.004837942123413086,0.0006592068643122385,0.8,2.0,0.5,100,6,0.05,0.8,"{'subsample': 0.8, 'reg_lambda': 2.0, 'reg_alpha': 0.5, 'n_estimators': 100, 'max_depth': 6, 'learning_rate': 0.05, 'colsample_bytree': 0.8}",-0.19448700547218323,-0.20632420480251312,-0.27240464091300964,-0.23561491072177887,-0.2526400089263916,-0.2322941541671753,0.02876682512692069,4
19.005013704299927,0.692367687356492,0.005993175506591797,0.0004903003133019686,0.9,1.0,1.0,300,8,0.01,0.8,"{'subsample': 0.9, 'reg_lambda': 1.0, 'reg_alpha': 1.0, 'n_estimators': 300, 'max_depth': 8, 'learning_rate': 0.01, 'colsample_bytree': 0.8}",-0.19567935168743134,-0.20090171694755554,-0.2761341333389282,-0.2501588463783264,-0.2476309835910797,-0.23410100638866424,0.030939019502317037,10
4.187299633026123,0.09685504457116,0.004611873626708984,0.001108690287633716,0.8,0.5,1.0,200,8,0.1,0.7,"{'subsample': 0.8, 'reg_lambda': 0.5, 'reg_alpha': 1.0, 'n_estimators': 200, 'max_depth': 8, 'learning_rate': 0.1, 'colsample_bytree': 0.7}",-0.20310667157173157,-0.21050333976745605,-0.26948800683021545,-0.24798063933849335,-0.25397181510925293,-0.23701009452342986,0.02574846691402495,25
5.010912704467773,0.16256602616480073,0.002573537826538086,0.00011491472786362723,0.7,2.0,1.0,200,10,0.1,0.7,"{'subsample': 0.7, 'reg_lambda': 2.0, 'reg_alpha': 1.0, 'n_estimators': 200, 'max_depth': 10, 'learning_rate': 0.1, 'colsample_bytree': 0.7}",-0.20940203964710236,-0.20292863249778748,-0.2788524627685547,-0.24203243851661682,-0.25987106561660767,-0.2386173278093338,0.029015397541831717,31
2.821519613265991,0.052715208386238464,0.00233612060546875,9.474534750679972e-05,0.7,0.5,0.0,100,4,0.1,0.9,"{'subsample': 0.7, 'reg_lambda': 0.5, 'reg_alpha': 0.0, 'n_estimators': 100, 'max_depth': 4, 'learning_rate': 0.1, 'colsample_bytree': 0.9}",-0.20428518950939178,-0.2035309374332428,-0.29930415749549866,-0.2306017428636551,-0.27448591589927673,-0.242441588640213,0.03839354676583496,43
7.1552276611328125,0.24288486536844156,0.002624225616455078,0.00045751573384744903,0.8,1.0,0.5,100,10,0.01,0.7,"{'subsample': 0.8, 'reg_lambda': 1.0, 'reg_alpha': 0.5, 'n_estimators': 100, 'max_depth': 10, 'learning_rate': 0.01, 'colsample_bytree': 0.7}",-0.19358666241168976,-0.206161767244339,-0.2772809565067291,-0.27994635701179504,-0.26222264766693115,-0.24383967816829683,0.03661949067322276,47
7.81093316078186,0.20996344723876134,0.00210423469543457,0.0002553610748446365,0.8,0.5,0.5,200,10,0.1,0.9,"{'subsample': 0.8, 'reg_lambda': 0.5, 'reg_alpha': 0.5, 'n_estimators': 200, 'max_depth': 10, 'learning_rate': 0.1, 'colsample_bytree': 0.9}",-0.2085476666688919,-0.20627379417419434,-0.2724374234676361,-0.22694526612758636,-0.2796950936317444,-0.23877984881401063,0.031361043869500366,33
9.453882741928101,0.2836501154505517,0.0018401622772216796,9.09262821326896e-05,0.8,1.0,0.5,200,6,0.05,0.9,"{'subsample': 0.8, 'reg_lambda': 1.0, 'reg_alpha': 0.5, 'n_estimators': 200, 'max_depth': 6, 'learning_rate': 0.05, 'colsample_bytree': 0.9}",-0.19775228202342987,-0.20945164561271667,-0.2780873775482178,-0.2353336066007614,-0.2731282711029053,-0.2387506365776062,0.032496685945853955,32
8.543288135528565,0.24333248981766797,0.002261829376220703,0.0003423779587404512,0.7,2.0,1.0,300,8,0.05,0.7,"{'subsample': 0.7, 'reg_lambda': 2.0, 'reg_alpha': 1.0, 'n_estimators': 300, 'max_depth': 8, 'learning_rate': 0.05, 'colsample_bytree': 0.7}",-0.20436358451843262,-0.20244427025318146,-0.28153249621391296,-0.23838581144809723,-0.2592645287513733,-0.2371981382369995,0.03078899385478006,26
15.105888414382935,0.24932499753465923,0.001957273483276367,9.100167010871944e-05,0.9,2.0,0.0,100,10,0.05,0.9,"{'subsample': 0.9, 'reg_lambda': 2.0, 'reg_alpha': 0.0, 'n_estimators': 100, 'max_depth': 10, 'learning_rate': 0.05, 'colsample_bytree': 0.9}",-0.20145756006240845,-0.2177899330854416,-0.28997141122817993,-0.23569586873054504,-0.2581126391887665,-0.2406054824590683,0.031050632483586624,41
4.01924695968628,0.12845856324773175,0.002088117599487305,0.0001180378963157797,0.8,0.5,1.0,200,6,0.1,0.8,"{'subsample': 0.8, 'reg_lambda': 0.5, 'reg_alpha': 1.0, 'n_estimators': 200, 'max_depth': 6, 'learning_rate': 0.1, 'colsample_bytree': 0.8}",-0.1987861692905426,-0.20557546615600586,-0.27562254667282104,-0.2282048463821411,-0.26741671562194824,-0.23512114882469176,0.03138273475652198,15
10.231963634490967,0.3187555826099434,0.002584695816040039,9.712413267488392e-05,0.9,2.0,0.0,200,8,0.1,0.7,"{'subsample': 0.9, 'reg_lambda': 2.0, 'reg_alpha': 0.0, 'n_estimators': 200, 'max_depth': 8, 'learning_rate': 0.1, 'colsample_bytree': 0.7}",-0.19621463119983673,-0.21816031634807587,-0.28837233781814575,-0.24678100645542145,-0.25001224875450134,-0.23990810811519622,0.03124163351060013,36
6.433483076095581,0.23586093013403903,0.002541351318359375,0.0001615592550887147,0.8,1.0,1.0,300,10,0.1,0.9,"{'subsample': 0.8, 'reg_lambda': 1.0, 'reg_alpha': 1.0, 'n_estimators': 300, 'max_depth': 10, 'learning_rate': 0.1, 'colsample_bytree': 0.9}",-0.2061144858598709,-0.20090380311012268,-0.27380824089050293,-0.2442925125360489,-0.2755109369754791,-0.24012599587440492,0.03193465442383859,37
3.1506490230560305,0.04939241035937338,0.0022380828857421877,0.0001830224007692226,0.7,2.0,0.0,100,4,0.01,0.9,"{'subsample': 0.7, 'reg_lambda': 2.0, 'reg_alpha': 0.0, 'n_estimators': 100, 'max_depth': 4, 'learning_rate': 0.01, 'colsample_bytree': 0.9}",-0.18518546223640442,-0.2020767778158188,-0.27838748693466187,-0.27023929357528687,-0.2658747732639313,-0.24035275876522064,0.03872905900712356,39
11.253462219238282,0.231689211472211,0.0023754119873046877,0.00022096746071509018,0.9,0.5,0.0,300,8,0.1,0.9,"{'subsample': 0.9, 'reg_lambda': 0.5, 'reg_alpha': 0.0, 'n_estimators': 300, 'max_depth': 8, 'learning_rate': 0.1, 'colsample_bytree': 0.9}",-0.20847831666469574,-0.22573435306549072,-0.30320993065834045,-0.23536144196987152,-0.25798922777175903,-0.24615465402603148,0.03270581062167959,49
4.1444983959198,0.12371327740932626,0.0019989967346191405,0.00021583161572930615,0.8,1.0,1.0,100,8,0.1,0.8,"{'subsample': 0.8, 'reg_lambda': 1.0, 'reg_alpha': 1.0, 'n_estimators': 100, 'max_depth': 8, 'learning_rate': 0.1, 'colsample_bytree': 0.8}",-0.1948973387479782,-0.20330987870693207,-0.274876207113266,-0.2415580153465271,-0.2597217261791229,-0.23487263321876525,0.03116629371574316,14
17.6513174533844,0.44731912719671896,0.0027129650115966797,0.00031953843153803275,0.8,2.0,1.0,300,10,0.01,0.7,"{'subsample': 0.8, 'reg_lambda': 2.0, 'reg_alpha': 1.0, 'n_estimators': 300, 'max_depth': 10, 'learning_rate': 0.01, 'colsample_bytree': 0.7}",-0.1923825442790985,-0.20267003774642944,-0.27579575777053833,-0.2553429901599884,-0.2494235783815384,-0.2351229816675186,0.032086037720596705,16
7.737288284301758,0.1275238228380512,0.002324962615966797,0.00029473854406045636,0.9,2.0,0.5,100,10,0.05,0.8,"{'subsample': 0.9, 'reg_lambda': 2.0, 'reg_alpha': 0.5, 'n_estimators': 100, 'max_depth': 10, 'learning_rate': 0.05, 'colsample_bytree': 0.8}",-0.1895790696144104,-0.21055854856967926,-0.27709776163101196,-0.2495972216129303,-0.2561260163784027,-0.23659172356128694,0.03187283020635151,22
5.768479681015014,0.16847867036539907,0.0023373126983642577,0.0004059930738071321,0.7,2.0,1.0,300,8,0.1,0.8,"{'subsample': 0.7, 'reg_lambda': 2.0, 'reg_alpha': 1.0, 'n_estimators': 300, 'max_depth': 8, 'learning_rate': 0.1, 'colsample_bytree': 0.8}",-0.20337426662445068,-0.20574899017810822,-0.27504658699035645,-0.24333065748214722,-0.2651827037334442,-0.23853664100170135,0.029588491099037398,30
14.812201738357544,0.4726690175559609,0.0026090145111083984,0.00015472825750675501,0.7,0.5,1.0,300,6,0.01,0.9,"{'subsample': 0.7, 'reg_lambda': 0.5, 'reg_alpha': 1.0, 'n_estimators': 300, 'max_depth': 6, 'learning_rate': 0.01, 'colsample_bytree': 0.9}",-0.1929350346326828,-0.19624321162700653,-0.2772923409938812,-0.24503178894519806,-0.24814172089099884,-0.23192881941795349,0.03251575903978112,3
11.291627264022827,0.2521038364875945,0.0021555423736572266,9.75597638823956e-05,0.7,1.0,0.5,300,6,0.05,0.9,"{'subsample': 0.7, 'reg_lambda': 1.0, 'reg_alpha': 0.5, 'n_estimators': 300, 'max_depth': 6, 'learning_rate': 0.05, 'colsample_bytree': 0.9}",-0.20401854813098907,-0.2061290144920349,-0.2759011685848236,-0.24350634217262268,-0.2759076952934265,-0.24109255373477936,0.0317064381223714,42
1.9873013973236084,0.05894153913827617,0.0019960403442382812,0.00028668368395257115,0.8,1.0,1.0,100,4,0.1,0.7,"{'subsample': 0.8, 'reg_lambda': 1.0, 'reg_alpha': 1.0, 'n_estimators': 100, 'max_depth': 4, 'learning_rate': 0.1, 'colsample_bytree': 0.7}",-0.2017843872308731,-0.2038002759218216,-0.28634607791900635,-0.2289077490568161,-0.2671053111553192,-0.23758876025676728,0.033904210828294534,27
6.587285327911377,0.11248292675179566,0.0024672031402587892,0.00014269413904105006,0.8,0.5,1.0,300,6,0.05,0.7,"{'subsample': 0.8, 'reg_lambda': 0.5, 'reg_alpha': 1.0, 'n_estimators': 300, 'max_depth': 6, 'learning_rate': 0.05, 'colsample_bytree': 0.7}",-0.19597269594669342,-0.19811923801898956,-0.2802538275718689,-0.24302135407924652,-0.2635093331336975,-0.2361752897500992,0.03406302289252371,21
5.561731767654419,0.045842752010603914,0.001879119873046875,0.0002607797351227727,0.9,0.5,0.5,200,4,0.05,0.9,"{'subsample': 0.9, 'reg_lambda': 0.5, 'reg_alpha': 0.5, 'n_estimators': 200, 'max_depth': 4, 'learning_rate': 0.05, 'colsample_bytree': 0.9}",-0.19902551174163818,-0.21275962889194489,-0.28188246488571167,-0.22192654013633728,-0.25750261545181274,-0.23461935222148894,0.030539554736628192,13
18.75454239845276,1.18817245773706,0.002283191680908203,0.0006123955706315028,0.7,0.5,0.0,300,8,0.05,0.9,"{'subsample': 0.7, 'reg_lambda': 0.5, 'reg_alpha': 0.0, 'n_estimators': 300, 'max_depth': 8, 'learning_rate': 0.05, 'colsample_bytree': 0.9}",-0.20882105827331543,-0.21783193945884705,-0.29466918110847473,-0.22693774104118347,-0.275872141122818,-0.24482641220092774,0.03403889105890395,48
11.650788021087646,0.1952942257693057,0.002571392059326172,0.0002996974988595798,0.8,1.0,0.5,200,8,0.05,0.9,"{'subsample': 0.8, 'reg_lambda': 1.0, 'reg_alpha': 0.5, 'n_estimators': 200, 'max_depth': 8, 'learning_rate': 0.05, 'colsample_bytree': 0.9}",-0.19761782884597778,-0.207442969083786,-0.27317771315574646,-0.2355622947216034,-0.2710888385772705,-0.23697792887687683,0.031297009080449065,24
5.120963668823242,0.07961164007048774,0.0022758007049560546,0.0003557393309398081,0.9,2.0,0.5,200,4,0.05,0.8,"{'subsample': 0.9, 'reg_lambda': 2.0, 'reg_alpha': 0.5, 'n_estimators': 200, 'max_depth': 4, 'learning_rate': 0.05, 'colsample_bytree': 0.8}",-0.19693736732006073,-0.20815342664718628,-0.2826148569583893,-0.22513142228126526,-0.25572147965431213,-0.23371171057224274,0.031480620093925354,8
12.297430038452148,0.5518289082373766,0.0017225265502929688,0.00018227211238955527,0.9,2.0,1.0,200,8,0.01,0.8,"{'subsample': 0.9, 'reg_lambda': 2.0, 'reg_alpha': 1.0, 'n_estimators': 200, 'max_depth': 8, 'learning_rate': 0.01, 'colsample_bytree': 0.8}",-0.1952652633190155,-0.20261310040950775,-0.2773991525173187,-0.25699105858802795,-0.25122779607772827,-0.23669927418231965,0.032118403005154464,23
8.509056854248048,0.3156624600959569,0.001956272125244141,0.00012502188349556586,0.7,1.0,0.0,200,6,0.1,0.8,"{'subsample': 0.7, 'reg_lambda': 1.0, 'reg_alpha': 0.0, 'n_estimators': 200, 'max_depth': 6, 'learning_rate': 0.1, 'colsample_bytree': 0.8}",-0.1944386512041092,-0.2202717512845993,-0.28813573718070984,-0.2341817021369934,-0.28207480907440186,-0.24382053017616273,0.0360922412436332,46
2.4687004566192625,0.04583977418746616,0.001708650588989258,7.35524369207196e-05,0.7,1.0,1.0,100,4,0.05,0.8,"{'subsample': 0.7, 'reg_lambda': 1.0, 'reg_alpha': 1.0, 'n_estimators': 100, 'max_depth': 4, 'learning_rate': 0.05, 'colsample_bytree': 0.8}",-0.1965884268283844,-0.19462375342845917,-0.2855878472328186,-0.23615622520446777,-0.2485528439283371,-0.2323018193244934,0.034098199567883805,5
6.003428649902344,0.09815627070579827,0.0021895885467529295,0.00024365293512231982,0.9,2.0,0.0,200,4,0.05,0.9,"{'subsample': 0.9, 'reg_lambda': 2.0, 'reg_alpha': 0.0, 'n_estimators': 200, 'max_depth': 4, 'learning_rate': 0.05, 'colsample_bytree': 0.9}",-0.19823187589645386,-0.22259415686130524,-0.2857280671596527,-0.21623994410037994,-0.2537216246128082,-0.23530313372612,0.030922859398995188,17
13.418893957138062,0.6532489837961593,0.0022174835205078123,0.0007214687929696456,0.8,2.0,0.5,200,10,0.01,0.9,"{'subsample': 0.8, 'reg_lambda': 2.0, 'reg_alpha': 0.5, 'n_estimators': 200, 'max_depth': 10, 'learning_rate': 0.01, 'colsample_bytree': 0.9}",-0.191834956407547,-0.2050788551568985,-0.2774594724178314,-0.26059862971305847,-0.24435855448246002,-0.23586609363555908,0.03255894497467781,18
13.18862247467041,0.47060970003786856,0.001815462112426758,0.0003226124105417629,0.7,2.0,0.0,300,6,0.01,0.7,"{'subsample': 0.7, 'reg_lambda': 2.0, 'reg_alpha': 0.0, 'n_estimators': 300, 'max_depth': 6, 'learning_rate': 0.01, 'colsample_bytree': 0.7}",-0.19033779203891754,-0.20755162835121155,-0.28281235694885254,-0.24035167694091797,-0.2510598301887512,-0.23442265689373015,0.03261606772617806,12
5.614329242706299,0.08061685404333911,0.0021067142486572267,0.00023313950173697463,0.9,1.0,0.5,200,4,0.05,0.9,"{'subsample': 0.9, 'reg_lambda': 1.0, 'reg_alpha': 0.5, 'n_estimators': 200, 'max_depth': 4, 'learning_rate': 0.05, 'colsample_bytree': 0.9}",-0.19757121801376343,-0.20924752950668335,-0.27837079763412476,-0.21707668900489807,-0.26396942138671875,-0.23324713110923767,0.031906862116698284,7
4.594513416290283,0.19232950237269114,0.0019963741302490234,0.00020312975268050763,0.7,1.0,0.0,200,4,0.05,0.7,"{'subsample': 0.7, 'reg_lambda': 1.0, 'reg_alpha': 0.0, 'n_estimators': 200, 'max_depth': 4, 'learning_rate': 0.05, 'colsample_bytree': 0.7}",-0.20150324702262878,-0.21577510237693787,-0.2895823121070862,-0.23356634378433228,-0.25899723172187805,-0.23988484740257263,0.031398954674720446,35
9.856825828552246,0.8544083421295415,0.0017939090728759765,0.000244943381204158,0.9,2.0,0.0,300,8,0.1,0.9,"{'subsample': 0.9, 'reg_lambda': 2.0, 'reg_alpha': 0.0, 'n_estimators': 300, 'max_depth': 8, 'learning_rate': 0.1, 'colsample_bytree': 0.9}",-0.19564883410930634,-0.2143373340368271,-0.29158997535705566,-0.23129048943519592,-0.25925058126449585,-0.23842344284057618,0.03382642957350827,29
12.17116937637329,0.19303566917014742,0.002259063720703125,0.0006900578948280125,0.7,0.5,0.5,300,10,0.01,0.8,"{'subsample': 0.7, 'reg_lambda': 0.5, 'reg_alpha': 0.5, 'n_estimators': 300, 'max_depth': 10, 'learning_rate': 0.01, 'colsample_bytree': 0.8}",-0.19225409626960754,-0.201751708984375,-0.28242194652557373,-0.25003835558891296,-0.2532445192337036,-0.23594212532043457,0.03387057358165815,19
3.621108150482178,0.6273589691419317,0.001523876190185547,0.0001942735237731224,0.7,1.0,1.0,200,8,0.1,0.7,"{'subsample': 0.7, 'reg_lambda': 1.0, 'reg_alpha': 1.0, 'n_estimators': 200, 'max_depth': 8, 'learning_rate': 0.1, 'colsample_bytree': 0.7}",-0.20233838260173798,-0.20590317249298096,-0.27748456597328186,-0.24030257761478424,-0.2644549310207367,-0.23809672594070436,0.030219552283314268,28
3.6247422218322756,0.38869119179343214,0.0015339374542236329,0.00023468893145497474,0.7,0.5,0.5,300,4,0.05,0.7,"{'subsample': 0.7, 'reg_lambda': 0.5, 'reg_alpha': 0.5, 'n_estimators': 300, 'max_depth': 4, 'learning_rate': 0.05, 'colsample_bytree': 0.7}",-0.2131316214799881,-0.20979009568691254,-0.28689947724342346,-0.2293836921453476,-0.2778737545013428,-0.2434157282114029,0.03262790316593698,45
1.9261342525482177,0.29695769409443057,0.001487588882446289,0.00025832833371767475,0.7,1.0,0.0,100,4,0.1,0.7,"{'subsample': 0.7, 'reg_lambda': 1.0, 'reg_alpha': 0.0, 'n_estimators': 100, 'max_depth': 4, 'learning_rate': 0.1, 'colsample_bytree': 0.7}",-0.21138431131839752,-0.20435744524002075,-0.28767141699790955,-0.2507120966911316,-0.29242536425590515,-0.24931012690067292,0.036855362881079906,50
