mean_fit_time,std_fit_time,mean_score_time,std_score_time,param_subsample,param_reg_lambda,param_reg_alpha,param_n_estimators,param_min_child_weight,param_max_depth,param_learning_rate,param_gamma,param_colsample_bytree,params,split0_test_score,mean_test_score,std_test_score,rank_test_score
0.06401824951171875,0.0,0.0018486976623535156,0.0,0.8,1.0,0.5,200,1,10,0.1,0.1,0.7,"{'subsample': 0.8, 'reg_lambda': 1.0, 'reg_alpha': 0.5, 'n_estimators': 200, 'min_child_weight': 1, 'max_depth': 10, 'learning_rate': 0.1, 'gamma': 0.1, 'colsample_bytree': 0.7}",-0.12290249019861221,-0.12290249019861221,0.0,38
0.0768284797668457,0.0,0.0016942024230957031,0.0,0.9,0.5,1.0,300,3,8,0.01,1.0,0.7,"{'subsample': 0.9, 'reg_lambda': 0.5, 'reg_alpha': 1.0, 'n_estimators': 300, 'min_child_weight': 3, 'max_depth': 8, 'learning_rate': 0.01, 'gamma': 1.0, 'colsample_bytree': 0.7}",-0.12903070449829102,-0.12903070449829102,0.0,172
0.05503368377685547,0.0,0.0027551651000976562,0.0,0.6,5.0,0.1,200,10,8,0.03,0.5,0.7,"{'subsample': 0.6, 'reg_lambda': 5.0, 'reg_alpha': 0.1, 'n_estimators': 200, 'min_child_weight': 10, 'max_depth': 8, 'learning_rate': 0.03, 'gamma': 0.5, 'colsample_bytree': 0.7}",-0.12651608884334564,-0.12651608884334564,0.0,133
0.3735835552215576,0.0,0.0017888545989990234,0.0,0.8,2.0,0.5,200,1,8,0.05,0.0,0.9,"{'subsample': 0.8, 'reg_lambda': 2.0, 'reg_alpha': 0.5, 'n_estimators': 200, 'min_child_weight': 1, 'max_depth': 8, 'learning_rate': 0.05, 'gamma': 0.0, 'colsample_bytree': 0.9}",-0.1277340203523636,-0.1277340203523636,0.0,143
0.05690646171569824,0.0,0.0014560222625732422,0.0,0.9,1.0,0.0,200,1,6,0.1,0.1,0.7,"{'subsample': 0.9, 'reg_lambda': 1.0, 'reg_alpha': 0.0, 'n_estimators': 200, 'min_child_weight': 1, 'max_depth': 6, 'learning_rate': 0.1, 'gamma': 0.1, 'colsample_bytree': 0.7}",-0.1248653307557106,-0.1248653307557106,0.0,88
0.08294916152954102,0.0,0.0015037059783935547,0.0,0.6,5.0,1.0,300,5,6,0.03,0.1,0.7,"{'subsample': 0.6, 'reg_lambda': 5.0, 'reg_alpha': 1.0, 'n_estimators': 300, 'min_child_weight': 5, 'max_depth': 6, 'learning_rate': 0.03, 'gamma': 0.1, 'colsample_bytree': 0.7}",-0.12274076789617538,-0.12274076789617538,0.0,29
0.030606508255004883,0.0,0.0013442039489746094,0.0,0.6,1.0,0.1,100,1,8,0.01,0.5,0.8,"{'subsample': 0.6, 'reg_lambda': 1.0, 'reg_alpha': 0.1, 'n_estimators': 100, 'min_child_weight': 1, 'max_depth': 8, 'learning_rate': 0.01, 'gamma': 0.5, 'colsample_bytree': 0.8}",-0.12751516699790955,-0.12751516699790955,0.0,142
0.05205368995666504,0.0,0.001405954360961914,0.0,0.8,1.0,0.5,200,5,8,0.05,0.5,0.6,"{'subsample': 0.8, 'reg_lambda': 1.0, 'reg_alpha': 0.5, 'n_estimators': 200, 'min_child_weight': 5, 'max_depth': 8, 'learning_rate': 0.05, 'gamma': 0.5, 'colsample_bytree': 0.6}",-0.12685652077198029,-0.12685652077198029,0.0,136
0.05168652534484863,0.0,0.0014293193817138672,0.0,0.7,2.0,1.0,200,1,10,0.05,0.5,0.7,"{'subsample': 0.7, 'reg_lambda': 2.0, 'reg_alpha': 1.0, 'n_estimators': 200, 'min_child_weight': 1, 'max_depth': 10, 'learning_rate': 0.05, 'gamma': 0.5, 'colsample_bytree': 0.7}",-0.12816192209720612,-0.12816192209720612,0.0,145
0.31470680236816406,0.0,0.0017325878143310547,0.0,0.8,2.0,0.0,500,3,3,0.03,0.0,0.7,"{'subsample': 0.8, 'reg_lambda': 2.0, 'reg_alpha': 0.0, 'n_estimators': 500, 'min_child_weight': 3, 'max_depth': 3, 'learning_rate': 0.03, 'gamma': 0.0, 'colsample_bytree': 0.7}",-0.1239321306347847,-0.1239321306347847,0.0,64
0.194777250289917,0.0,0.0016369819641113281,0.0,0.9,0.5,0.5,200,1,4,0.05,0.0,0.8,"{'subsample': 0.9, 'reg_lambda': 0.5, 'reg_alpha': 0.5, 'n_estimators': 200, 'min_child_weight': 1, 'max_depth': 4, 'learning_rate': 0.05, 'gamma': 0.0, 'colsample_bytree': 0.8}",-0.12115173041820526,-0.12115173041820526,0.0,11
0.06338310241699219,0.0,0.0014371871948242188,0.0,0.9,1.0,0.5,200,10,4,0.03,0.1,0.8,"{'subsample': 0.9, 'reg_lambda': 1.0, 'reg_alpha': 0.5, 'n_estimators': 200, 'min_child_weight': 10, 'max_depth': 4, 'learning_rate': 0.03, 'gamma': 0.1, 'colsample_bytree': 0.8}",-0.12350624799728394,-0.12350624799728394,0.0,54
0.08821868896484375,0.0,0.0015344619750976562,0.0,0.9,1.0,0.1,300,5,4,0.05,0.1,0.9,"{'subsample': 0.9, 'reg_lambda': 1.0, 'reg_alpha': 0.1, 'n_estimators': 300, 'min_child_weight': 5, 'max_depth': 4, 'learning_rate': 0.05, 'gamma': 0.1, 'colsample_bytree': 0.9}",-0.12409708648920059,-0.12409708648920059,0.0,68
0.08027863502502441,0.0,0.0015153884887695312,0.0,0.8,0.5,0.0,300,1,3,0.01,0.5,0.6,"{'subsample': 0.8, 'reg_lambda': 0.5, 'reg_alpha': 0.0, 'n_estimators': 300, 'min_child_weight': 1, 'max_depth': 3, 'learning_rate': 0.01, 'gamma': 0.5, 'colsample_bytree': 0.6}",-0.12548211216926575,-0.12548211216926575,0.0,110
0.028115034103393555,0.0,0.0013546943664550781,0.0,0.6,1.0,1.0,100,3,8,0.01,1.0,0.6,"{'subsample': 0.6, 'reg_lambda': 1.0, 'reg_alpha': 1.0, 'n_estimators': 100, 'min_child_weight': 3, 'max_depth': 8, 'learning_rate': 0.01, 'gamma': 1.0, 'colsample_bytree': 0.6}",-0.1290312111377716,-0.1290312111377716,0.0,174
0.08982419967651367,0.0,0.001501321792602539,0.0,0.7,0.5,0.0,100,10,4,0.1,0.0,0.9,"{'subsample': 0.7, 'reg_lambda': 0.5, 'reg_alpha': 0.0, 'n_estimators': 100, 'min_child_weight': 10, 'max_depth': 4, 'learning_rate': 0.1, 'gamma': 0.0, 'colsample_bytree': 0.9}",-0.12426500767469406,-0.12426500767469406,0.0,72
0.053386688232421875,0.0,0.00140380859375,0.0,0.9,1.0,0.1,200,3,10,0.05,1.0,0.9,"{'subsample': 0.9, 'reg_lambda': 1.0, 'reg_alpha': 0.1, 'n_estimators': 200, 'min_child_weight': 3, 'max_depth': 10, 'learning_rate': 0.05, 'gamma': 1.0, 'colsample_bytree': 0.9}",-0.1290283352136612,-0.1290283352136612,0.0,157
0.13414621353149414,0.0,0.0016021728515625,0.0,0.9,2.0,0.5,500,3,10,0.03,0.1,0.8,"{'subsample': 0.9, 'reg_lambda': 2.0, 'reg_alpha': 0.5, 'n_estimators': 500, 'min_child_weight': 3, 'max_depth': 10, 'learning_rate': 0.03, 'gamma': 0.1, 'colsample_bytree': 0.8}",-0.12343823909759521,-0.12343823909759521,0.0,52
0.07745885848999023,0.0,0.0014715194702148438,0.0,0.7,5.0,0.1,300,3,10,0.1,1.0,0.9,"{'subsample': 0.7, 'reg_lambda': 5.0, 'reg_alpha': 0.1, 'n_estimators': 300, 'min_child_weight': 3, 'max_depth': 10, 'learning_rate': 0.1, 'gamma': 1.0, 'colsample_bytree': 0.9}",-0.1290442794561386,-0.1290442794561386,0.0,196
0.09264850616455078,0.0,0.0015201568603515625,0.0,0.7,1.0,0.5,100,10,4,0.03,0.0,0.9,"{'subsample': 0.7, 'reg_lambda': 1.0, 'reg_alpha': 0.5, 'n_estimators': 100, 'min_child_weight': 10, 'max_depth': 4, 'learning_rate': 0.03, 'gamma': 0.0, 'colsample_bytree': 0.9}",-0.1216086596250534,-0.1216086596250534,0.0,12
0.08895421028137207,0.0,0.0014803409576416016,0.0,0.7,0.5,0.0,300,3,10,0.05,0.1,0.8,"{'subsample': 0.7, 'reg_lambda': 0.5, 'reg_alpha': 0.0, 'n_estimators': 300, 'min_child_weight': 3, 'max_depth': 10, 'learning_rate': 0.05, 'gamma': 0.1, 'colsample_bytree': 0.8}",-0.12528064846992493,-0.12528064846992493,0.0,103
0.10869383811950684,0.0,0.0015261173248291016,0.0,0.9,5.0,1.0,300,1,4,0.01,0.1,0.9,"{'subsample': 0.9, 'reg_lambda': 5.0, 'reg_alpha': 1.0, 'n_estimators': 300, 'min_child_weight': 1, 'max_depth': 4, 'learning_rate': 0.01, 'gamma': 0.1, 'colsample_bytree': 0.9}",-0.12290818244218826,-0.12290818244218826,0.0,39
0.10337066650390625,0.0,0.0015451908111572266,0.0,0.9,2.0,1.0,300,10,3,0.01,0.1,0.7,"{'subsample': 0.9, 'reg_lambda': 2.0, 'reg_alpha': 1.0, 'n_estimators': 300, 'min_child_weight': 10, 'max_depth': 3, 'learning_rate': 0.01, 'gamma': 0.1, 'colsample_bytree': 0.7}",-0.12278854846954346,-0.12278854846954346,0.0,30
0.028347492218017578,0.0,0.0013647079467773438,0.0,0.6,1.0,0.1,100,3,3,0.05,1.0,0.8,"{'subsample': 0.6, 'reg_lambda': 1.0, 'reg_alpha': 0.1, 'n_estimators': 100, 'min_child_weight': 3, 'max_depth': 3, 'learning_rate': 0.05, 'gamma': 1.0, 'colsample_bytree': 0.8}",-0.12902764976024628,-0.12902764976024628,0.0,151
0.07547116279602051,0.0,0.0014927387237548828,0.0,0.6,0.5,0.5,300,1,10,0.03,0.5,0.8,"{'subsample': 0.6, 'reg_lambda': 0.5, 'reg_alpha': 0.5, 'n_estimators': 300, 'min_child_weight': 1, 'max_depth': 10, 'learning_rate': 0.03, 'gamma': 0.5, 'colsample_bytree': 0.8}",-0.1270173341035843,-0.1270173341035843,0.0,139
0.17006206512451172,0.0,0.0016245841979980469,0.0,0.9,2.0,0.0,500,3,3,0.01,0.1,0.8,"{'subsample': 0.9, 'reg_lambda': 2.0, 'reg_alpha': 0.0, 'n_estimators': 500, 'min_child_weight': 3, 'max_depth': 3, 'learning_rate': 0.01, 'gamma': 0.1, 'colsample_bytree': 0.8}",-0.1249169334769249,-0.1249169334769249,0.0,90
0.44236302375793457,0.0,0.0019183158874511719,0.0,0.9,2.0,0.5,500,5,6,0.05,0.0,0.9,"{'subsample': 0.9, 'reg_lambda': 2.0, 'reg_alpha': 0.5, 'n_estimators': 500, 'min_child_weight': 5, 'max_depth': 6, 'learning_rate': 0.05, 'gamma': 0.0, 'colsample_bytree': 0.9}",-0.12101272493600845,-0.12101272493600845,0.0,8
0.028357267379760742,0.0,0.001352071762084961,0.0,0.8,2.0,1.0,100,1,8,0.05,1.0,0.7,"{'subsample': 0.8, 'reg_lambda': 2.0, 'reg_alpha': 1.0, 'n_estimators': 100, 'min_child_weight': 1, 'max_depth': 8, 'learning_rate': 0.05, 'gamma': 1.0, 'colsample_bytree': 0.7}",-0.12902973592281342,-0.12902973592281342,0.0,168
0.1206350326538086,0.0,0.0015654563903808594,0.0,0.9,5.0,1.0,500,10,3,0.03,1.0,0.7,"{'subsample': 0.9, 'reg_lambda': 5.0, 'reg_alpha': 1.0, 'n_estimators': 500, 'min_child_weight': 10, 'max_depth': 3, 'learning_rate': 0.03, 'gamma': 1.0, 'colsample_bytree': 0.7}",-0.12903156876564026,-0.12903156876564026,0.0,176
0.12285947799682617,0.0,0.0015206336975097656,0.0,0.9,2.0,0.1,500,3,6,0.03,0.5,0.7,"{'subsample': 0.9, 'reg_lambda': 2.0, 'reg_alpha': 0.1, 'n_estimators': 500, 'min_child_weight': 3, 'max_depth': 6, 'learning_rate': 0.03, 'gamma': 0.5, 'colsample_bytree': 0.7}",-0.12520428001880646,-0.12520428001880646,0.0,99
0.3698732852935791,0.0,0.0018503665924072266,0.0,0.9,2.0,1.0,300,5,6,0.01,0.0,0.6,"{'subsample': 0.9, 'reg_lambda': 2.0, 'reg_alpha': 1.0, 'n_estimators': 300, 'min_child_weight': 5, 'max_depth': 6, 'learning_rate': 0.01, 'gamma': 0.0, 'colsample_bytree': 0.6}",-0.1228310838341713,-0.1228310838341713,0.0,32
0.12668561935424805,0.0,0.0015759468078613281,0.0,0.9,5.0,0.0,500,10,3,0.01,0.5,0.7,"{'subsample': 0.9, 'reg_lambda': 5.0, 'reg_alpha': 0.0, 'n_estimators': 500, 'min_child_weight': 10, 'max_depth': 3, 'learning_rate': 0.01, 'gamma': 0.5, 'colsample_bytree': 0.7}",-0.12545982003211975,-0.12545982003211975,0.0,109
0.07485842704772949,0.0,0.0014760494232177734,0.0,0.7,5.0,1.0,300,1,10,0.01,1.0,0.6,"{'subsample': 0.7, 'reg_lambda': 5.0, 'reg_alpha': 1.0, 'n_estimators': 300, 'min_child_weight': 1, 'max_depth': 10, 'learning_rate': 0.01, 'gamma': 1.0, 'colsample_bytree': 0.6}",-0.12903247773647308,-0.12903247773647308,0.0,185
0.07465720176696777,0.0,0.00146484375,0.0,0.7,5.0,1.0,300,10,4,0.03,0.5,0.7,"{'subsample': 0.7, 'reg_lambda': 5.0, 'reg_alpha': 1.0, 'n_estimators': 300, 'min_child_weight': 10, 'max_depth': 4, 'learning_rate': 0.03, 'gamma': 0.5, 'colsample_bytree': 0.7}",-0.12840887904167175,-0.12840887904167175,0.0,148
0.41750288009643555,0.0,0.001844167709350586,0.0,0.8,5.0,0.5,300,5,6,0.01,0.0,0.7,"{'subsample': 0.8, 'reg_lambda': 5.0, 'reg_alpha': 0.5, 'n_estimators': 300, 'min_child_weight': 5, 'max_depth': 6, 'learning_rate': 0.01, 'gamma': 0.0, 'colsample_bytree': 0.7}",-0.12257204204797745,-0.12257204204797745,0.0,22
0.05072736740112305,0.0,0.0014350414276123047,0.0,0.9,2.0,0.5,200,10,3,0.03,1.0,0.6,"{'subsample': 0.9, 'reg_lambda': 2.0, 'reg_alpha': 0.5, 'n_estimators': 200, 'min_child_weight': 10, 'max_depth': 3, 'learning_rate': 0.03, 'gamma': 1.0, 'colsample_bytree': 0.6}",-0.1290290802717209,-0.1290290802717209,0.0,163
0.029070138931274414,0.0,0.0013651847839355469,0.0,0.8,1.0,1.0,100,5,4,0.05,1.0,0.9,"{'subsample': 0.8, 'reg_lambda': 1.0, 'reg_alpha': 1.0, 'n_estimators': 100, 'min_child_weight': 5, 'max_depth': 4, 'learning_rate': 0.05, 'gamma': 1.0, 'colsample_bytree': 0.9}",-0.12902972102165222,-0.12902972102165222,0.0,167
0.033959388732910156,0.0,0.0013852119445800781,0.0,0.9,5.0,1.0,100,10,3,0.05,0.1,0.6,"{'subsample': 0.9, 'reg_lambda': 5.0, 'reg_alpha': 1.0, 'n_estimators': 100, 'min_child_weight': 10, 'max_depth': 3, 'learning_rate': 0.05, 'gamma': 0.1, 'colsample_bytree': 0.6}",-0.12196633219718933,-0.12196633219718933,0.0,17
0.09873080253601074,0.0,0.0015473365783691406,0.0,0.8,0.5,0.0,300,1,6,0.03,0.1,0.9,"{'subsample': 0.8, 'reg_lambda': 0.5, 'reg_alpha': 0.0, 'n_estimators': 300, 'min_child_weight': 1, 'max_depth': 6, 'learning_rate': 0.03, 'gamma': 0.1, 'colsample_bytree': 0.9}",-0.12409453094005585,-0.12409453094005585,0.0,66
0.1226644515991211,0.0,0.00156402587890625,0.0,0.8,0.5,1.0,100,10,8,0.01,0.0,0.6,"{'subsample': 0.8, 'reg_lambda': 0.5, 'reg_alpha': 1.0, 'n_estimators': 100, 'min_child_weight': 10, 'max_depth': 8, 'learning_rate': 0.01, 'gamma': 0.0, 'colsample_bytree': 0.6}",-0.12195216864347458,-0.12195216864347458,0.0,16
0.08004045486450195,0.0,0.0015151500701904297,0.0,0.8,1.0,0.0,300,5,3,0.01,0.5,0.6,"{'subsample': 0.8, 'reg_lambda': 1.0, 'reg_alpha': 0.0, 'n_estimators': 300, 'min_child_weight': 5, 'max_depth': 3, 'learning_rate': 0.01, 'gamma': 0.5, 'colsample_bytree': 0.6}",-0.12543442845344543,-0.12543442845344543,0.0,107
0.1317756175994873,0.0,0.0015666484832763672,0.0,0.6,2.0,0.0,200,10,3,0.05,0.0,0.9,"{'subsample': 0.6, 'reg_lambda': 2.0, 'reg_alpha': 0.0, 'n_estimators': 200, 'min_child_weight': 10, 'max_depth': 3, 'learning_rate': 0.05, 'gamma': 0.0, 'colsample_bytree': 0.9}",-0.11979744583368301,-0.11979744583368301,0.0,4
0.07502055168151855,0.0,0.001468658447265625,0.0,0.9,0.5,0.0,300,3,8,0.1,0.5,0.7,"{'subsample': 0.9, 'reg_lambda': 0.5, 'reg_alpha': 0.0, 'n_estimators': 300, 'min_child_weight': 3, 'max_depth': 8, 'learning_rate': 0.1, 'gamma': 0.5, 'colsample_bytree': 0.7}",-0.12569746375083923,-0.12569746375083923,0.0,115
0.09546351432800293,0.0,0.0014836788177490234,0.0,0.6,2.0,0.1,200,5,10,0.01,0.1,0.9,"{'subsample': 0.6, 'reg_lambda': 2.0, 'reg_alpha': 0.1, 'n_estimators': 200, 'min_child_weight': 5, 'max_depth': 10, 'learning_rate': 0.01, 'gamma': 0.1, 'colsample_bytree': 0.9}",-0.1234138011932373,-0.1234138011932373,0.0,51
0.028069019317626953,0.0,0.001333475112915039,0.0,0.9,2.0,1.0,100,3,10,0.05,1.0,0.8,"{'subsample': 0.9, 'reg_lambda': 2.0, 'reg_alpha': 1.0, 'n_estimators': 100, 'min_child_weight': 3, 'max_depth': 10, 'learning_rate': 0.05, 'gamma': 1.0, 'colsample_bytree': 0.8}",-0.12902911007404327,-0.12902911007404327,0.0,164
0.027892351150512695,0.0,0.0013399124145507812,0.0,0.7,5.0,0.0,100,1,10,0.05,1.0,0.8,"{'subsample': 0.7, 'reg_lambda': 5.0, 'reg_alpha': 0.0, 'n_estimators': 100, 'min_child_weight': 1, 'max_depth': 10, 'learning_rate': 0.05, 'gamma': 1.0, 'colsample_bytree': 0.8}",-0.12902863323688507,-0.12902863323688507,0.0,161
0.12240743637084961,0.0,0.0015652179718017578,0.0,0.7,0.5,1.0,500,1,3,0.01,0.5,0.8,"{'subsample': 0.7, 'reg_lambda': 0.5, 'reg_alpha': 1.0, 'n_estimators': 500, 'min_child_weight': 1, 'max_depth': 3, 'learning_rate': 0.01, 'gamma': 0.5, 'colsample_bytree': 0.8}",-0.1282825917005539,-0.1282825917005539,0.0,147
0.4823312759399414,0.0,0.0019049644470214844,0.0,0.7,2.0,1.0,500,10,10,0.03,0.0,0.8,"{'subsample': 0.7, 'reg_lambda': 2.0, 'reg_alpha': 1.0, 'n_estimators': 500, 'min_child_weight': 10, 'max_depth': 10, 'learning_rate': 0.03, 'gamma': 0.0, 'colsample_bytree': 0.8}",-0.12016727030277252,-0.12016727030277252,0.0,5
0.03058338165283203,0.0,0.0013687610626220703,0.0,0.6,2.0,0.0,100,10,6,0.01,0.5,0.8,"{'subsample': 0.6, 'reg_lambda': 2.0, 'reg_alpha': 0.0, 'n_estimators': 100, 'min_child_weight': 10, 'max_depth': 6, 'learning_rate': 0.01, 'gamma': 0.5, 'colsample_bytree': 0.8}",-0.12741373479366302,-0.12741373479366302,0.0,141
0.027825593948364258,0.0,0.0013387203216552734,0.0,0.6,1.0,1.0,100,5,4,0.03,1.0,0.6,"{'subsample': 0.6, 'reg_lambda': 1.0, 'reg_alpha': 1.0, 'n_estimators': 100, 'min_child_weight': 5, 'max_depth': 4, 'learning_rate': 0.03, 'gamma': 1.0, 'colsample_bytree': 0.6}",-0.12903182208538055,-0.12903182208538055,0.0,178
0.25887060165405273,0.0,0.001684427261352539,0.0,0.7,0.5,0.0,300,10,4,0.03,0.0,0.9,"{'subsample': 0.7, 'reg_lambda': 0.5, 'reg_alpha': 0.0, 'n_estimators': 300, 'min_child_weight': 10, 'max_depth': 4, 'learning_rate': 0.03, 'gamma': 0.0, 'colsample_bytree': 0.9}",-0.12409564107656479,-0.12409564107656479,0.0,67
0.0569303035736084,0.0,0.0014224052429199219,0.0,0.9,0.5,0.1,200,3,4,0.01,0.5,0.7,"{'subsample': 0.9, 'reg_lambda': 0.5, 'reg_alpha': 0.1, 'n_estimators': 200, 'min_child_weight': 3, 'max_depth': 4, 'learning_rate': 0.01, 'gamma': 0.5, 'colsample_bytree': 0.7}",-0.1257251650094986,-0.1257251650094986,0.0,117
0.19373083114624023,0.0,0.0015902519226074219,0.0,0.9,2.0,0.1,200,1,4,0.03,0.0,0.9,"{'subsample': 0.9, 'reg_lambda': 2.0, 'reg_alpha': 0.1, 'n_estimators': 200, 'min_child_weight': 1, 'max_depth': 4, 'learning_rate': 0.03, 'gamma': 0.0, 'colsample_bytree': 0.9}",-0.12174414843320847,-0.12174414843320847,0.0,13
0.07348036766052246,0.0,0.0014548301696777344,0.0,0.9,2.0,1.0,300,10,3,0.05,1.0,0.7,"{'subsample': 0.9, 'reg_lambda': 2.0, 'reg_alpha': 1.0, 'n_estimators': 300, 'min_child_weight': 10, 'max_depth': 3, 'learning_rate': 0.05, 'gamma': 1.0, 'colsample_bytree': 0.7}",-0.1290314644575119,-0.1290314644575119,0.0,175
0.07588672637939453,0.0,0.0014791488647460938,0.0,0.9,2.0,0.5,300,3,6,0.03,0.5,0.6,"{'subsample': 0.9, 'reg_lambda': 2.0, 'reg_alpha': 0.5, 'n_estimators': 300, 'min_child_weight': 3, 'max_depth': 6, 'learning_rate': 0.03, 'gamma': 0.5, 'colsample_bytree': 0.6}",-0.1259094923734665,-0.1259094923734665,0.0,121
0.28658556938171387,0.0,0.0017006397247314453,0.0,0.6,5.0,1.0,500,3,3,0.05,0.0,0.9,"{'subsample': 0.6, 'reg_lambda': 5.0, 'reg_alpha': 1.0, 'n_estimators': 500, 'min_child_weight': 3, 'max_depth': 3, 'learning_rate': 0.05, 'gamma': 0.0, 'colsample_bytree': 0.9}",-0.12067770212888718,-0.12067770212888718,0.0,6
0.04112648963928223,0.0,0.0014340877532958984,0.0,0.9,1.0,0.0,100,10,6,0.05,0.1,0.9,"{'subsample': 0.9, 'reg_lambda': 1.0, 'reg_alpha': 0.0, 'n_estimators': 100, 'min_child_weight': 10, 'max_depth': 6, 'learning_rate': 0.05, 'gamma': 0.1, 'colsample_bytree': 0.9}",-0.12449345737695694,-0.12449345737695694,0.0,80
0.05405926704406738,0.0,0.0014255046844482422,0.0,0.8,0.5,0.5,100,1,10,0.01,0.1,0.7,"{'subsample': 0.8, 'reg_lambda': 0.5, 'reg_alpha': 0.5, 'n_estimators': 100, 'min_child_weight': 1, 'max_depth': 10, 'learning_rate': 0.01, 'gamma': 0.1, 'colsample_bytree': 0.7}",-0.1232859417796135,-0.1232859417796135,0.0,49
0.11941266059875488,0.0,0.0015261173248291016,0.0,0.7,5.0,0.0,500,1,8,0.1,1.0,0.6,"{'subsample': 0.7, 'reg_lambda': 5.0, 'reg_alpha': 0.0, 'n_estimators': 500, 'min_child_weight': 1, 'max_depth': 8, 'learning_rate': 0.1, 'gamma': 1.0, 'colsample_bytree': 0.6}",-0.12905099987983704,-0.12905099987983704,0.0,199
0.054663896560668945,0.0,0.0014150142669677734,0.0,0.6,0.5,0.1,200,1,4,0.05,0.5,0.9,"{'subsample': 0.6, 'reg_lambda': 0.5, 'reg_alpha': 0.1, 'n_estimators': 200, 'min_child_weight': 1, 'max_depth': 4, 'learning_rate': 0.05, 'gamma': 0.5, 'colsample_bytree': 0.9}",-0.1258384883403778,-0.1258384883403778,0.0,119
0.055049896240234375,0.0,0.0014157295227050781,0.0,0.9,1.0,0.5,200,10,3,0.1,0.1,0.8,"{'subsample': 0.9, 'reg_lambda': 1.0, 'reg_alpha': 0.5, 'n_estimators': 200, 'min_child_weight': 10, 'max_depth': 3, 'learning_rate': 0.1, 'gamma': 0.1, 'colsample_bytree': 0.8}",-0.12284836173057556,-0.12284836173057556,0.0,34
0.03530740737915039,0.0,0.0013689994812011719,0.0,0.7,0.5,0.0,100,1,3,0.1,0.1,0.9,"{'subsample': 0.7, 'reg_lambda': 0.5, 'reg_alpha': 0.0, 'n_estimators': 100, 'min_child_weight': 1, 'max_depth': 3, 'learning_rate': 0.1, 'gamma': 0.1, 'colsample_bytree': 0.9}",-0.12469685077667236,-0.12469685077667236,0.0,85
0.08041763305664062,0.0,0.0014541149139404297,0.0,0.7,1.0,0.0,300,3,8,0.01,0.5,0.8,"{'subsample': 0.7, 'reg_lambda': 1.0, 'reg_alpha': 0.0, 'n_estimators': 300, 'min_child_weight': 3, 'max_depth': 8, 'learning_rate': 0.01, 'gamma': 0.5, 'colsample_bytree': 0.8}",-0.12571297585964203,-0.12571297585964203,0.0,116
0.02782154083251953,0.0,0.001329183578491211,0.0,0.7,1.0,1.0,100,5,10,0.05,1.0,0.8,"{'subsample': 0.7, 'reg_lambda': 1.0, 'reg_alpha': 1.0, 'n_estimators': 100, 'min_child_weight': 5, 'max_depth': 10, 'learning_rate': 0.05, 'gamma': 1.0, 'colsample_bytree': 0.8}",-0.1290324628353119,-0.1290324628353119,0.0,184
0.028743982315063477,0.0,0.0013110637664794922,0.0,0.9,0.5,0.0,100,10,6,0.03,1.0,0.9,"{'subsample': 0.9, 'reg_lambda': 0.5, 'reg_alpha': 0.0, 'n_estimators': 100, 'min_child_weight': 10, 'max_depth': 6, 'learning_rate': 0.03, 'gamma': 1.0, 'colsample_bytree': 0.9}",-0.12902843952178955,-0.12902843952178955,0.0,159
0.11458754539489746,0.0,0.0015375614166259766,0.0,0.7,1.0,1.0,100,10,6,0.03,0.0,0.8,"{'subsample': 0.7, 'reg_lambda': 1.0, 'reg_alpha': 1.0, 'n_estimators': 100, 'min_child_weight': 10, 'max_depth': 6, 'learning_rate': 0.03, 'gamma': 0.0, 'colsample_bytree': 0.8}",-0.12106466293334961,-0.12106466293334961,0.0,9
0.14367437362670898,0.0,0.0016188621520996094,0.0,0.6,5.0,0.1,500,3,3,0.03,0.1,0.9,"{'subsample': 0.6, 'reg_lambda': 5.0, 'reg_alpha': 0.1, 'n_estimators': 500, 'min_child_weight': 3, 'max_depth': 3, 'learning_rate': 0.03, 'gamma': 0.1, 'colsample_bytree': 0.9}",-0.12365251034498215,-0.12365251034498215,0.0,57
0.032253265380859375,0.0,0.001354217529296875,0.0,0.9,2.0,0.5,100,5,6,0.1,0.1,0.8,"{'subsample': 0.9, 'reg_lambda': 2.0, 'reg_alpha': 0.5, 'n_estimators': 100, 'min_child_weight': 5, 'max_depth': 6, 'learning_rate': 0.1, 'gamma': 0.1, 'colsample_bytree': 0.8}",-0.12287914752960205,-0.12287914752960205,0.0,35
0.08182358741760254,0.0,0.0014643669128417969,0.0,0.7,0.5,0.5,300,1,6,0.05,0.1,0.8,"{'subsample': 0.7, 'reg_lambda': 0.5, 'reg_alpha': 0.5, 'n_estimators': 300, 'min_child_weight': 1, 'max_depth': 6, 'learning_rate': 0.05, 'gamma': 0.1, 'colsample_bytree': 0.8}",-0.12388016283512115,-0.12388016283512115,0.0,63
0.12822771072387695,0.0,0.0015501976013183594,0.0,0.7,2.0,0.0,500,1,4,0.1,0.1,0.6,"{'subsample': 0.7, 'reg_lambda': 2.0, 'reg_alpha': 0.0, 'n_estimators': 500, 'min_child_weight': 1, 'max_depth': 4, 'learning_rate': 0.1, 'gamma': 0.1, 'colsample_bytree': 0.6}",-0.12424005568027496,-0.12424005568027496,0.0,71
0.0749819278717041,0.0,0.001500844955444336,0.0,0.7,5.0,1.0,300,10,6,0.1,0.5,0.8,"{'subsample': 0.7, 'reg_lambda': 5.0, 'reg_alpha': 1.0, 'n_estimators': 300, 'min_child_weight': 10, 'max_depth': 6, 'learning_rate': 0.1, 'gamma': 0.5, 'colsample_bytree': 0.8}",-0.128016859292984,-0.128016859292984,0.0,144
0.26262426376342773,0.0,0.001749277114868164,0.0,0.9,0.5,0.5,500,10,4,0.1,0.0,0.7,"{'subsample': 0.9, 'reg_lambda': 0.5, 'reg_alpha': 0.5, 'n_estimators': 500, 'min_child_weight': 10, 'max_depth': 4, 'learning_rate': 0.1, 'gamma': 0.0, 'colsample_bytree': 0.7}",-0.12488934397697449,-0.12488934397697449,0.0,89
0.09048604965209961,0.0,0.001493215560913086,0.0,0.8,5.0,0.0,100,3,4,0.05,0.0,0.6,"{'subsample': 0.8, 'reg_lambda': 5.0, 'reg_alpha': 0.0, 'n_estimators': 100, 'min_child_weight': 3, 'max_depth': 4, 'learning_rate': 0.05, 'gamma': 0.0, 'colsample_bytree': 0.6}",-0.12593406438827515,-0.12593406438827515,0.0,122
0.1267108917236328,0.0,0.0015592575073242188,0.0,0.7,5.0,0.0,500,3,10,0.1,0.1,0.6,"{'subsample': 0.7, 'reg_lambda': 5.0, 'reg_alpha': 0.0, 'n_estimators': 500, 'min_child_weight': 3, 'max_depth': 10, 'learning_rate': 0.1, 'gamma': 0.1, 'colsample_bytree': 0.6}",-0.1233610287308693,-0.1233610287308693,0.0,50
0.4506409168243408,0.0,0.0018622875213623047,0.0,0.8,1.0,0.1,500,5,4,0.05,0.0,0.9,"{'subsample': 0.8, 'reg_lambda': 1.0, 'reg_alpha': 0.1, 'n_estimators': 500, 'min_child_weight': 5, 'max_depth': 4, 'learning_rate': 0.05, 'gamma': 0.0, 'colsample_bytree': 0.9}",-0.12074172496795654,-0.12074172496795654,0.0,7
0.2806050777435303,0.0,0.0017282962799072266,0.0,0.6,2.0,1.0,500,10,4,0.1,0.0,0.9,"{'subsample': 0.6, 'reg_lambda': 2.0, 'reg_alpha': 1.0, 'n_estimators': 500, 'min_child_weight': 10, 'max_depth': 4, 'learning_rate': 0.1, 'gamma': 0.0, 'colsample_bytree': 0.9}",-0.11919193714857101,-0.11919193714857101,0.0,2
0.029305458068847656,0.0,0.0013365745544433594,0.0,0.9,1.0,0.5,100,3,10,0.05,0.5,0.6,"{'subsample': 0.9, 'reg_lambda': 1.0, 'reg_alpha': 0.5, 'n_estimators': 100, 'min_child_weight': 3, 'max_depth': 10, 'learning_rate': 0.05, 'gamma': 0.5, 'colsample_bytree': 0.6}",-0.12645378708839417,-0.12645378708839417,0.0,131
0.12185001373291016,0.0,0.0015404224395751953,0.0,0.6,1.0,0.1,500,5,3,0.1,0.5,0.8,"{'subsample': 0.6, 'reg_lambda': 1.0, 'reg_alpha': 0.1, 'n_estimators': 500, 'min_child_weight': 5, 'max_depth': 3, 'learning_rate': 0.1, 'gamma': 0.5, 'colsample_bytree': 0.8}",-0.1253916621208191,-0.1253916621208191,0.0,104
0.1685953140258789,0.0,0.0015621185302734375,0.0,0.9,5.0,0.0,500,5,6,0.01,0.1,0.6,"{'subsample': 0.9, 'reg_lambda': 5.0, 'reg_alpha': 0.0, 'n_estimators': 500, 'min_child_weight': 5, 'max_depth': 6, 'learning_rate': 0.01, 'gamma': 0.1, 'colsample_bytree': 0.6}",-0.1242920458316803,-0.1242920458316803,0.0,73
0.1492753028869629,0.0,0.0015566349029541016,0.0,0.6,5.0,0.5,500,5,8,0.01,0.1,0.6,"{'subsample': 0.6, 'reg_lambda': 5.0, 'reg_alpha': 0.5, 'n_estimators': 500, 'min_child_weight': 5, 'max_depth': 8, 'learning_rate': 0.01, 'gamma': 0.1, 'colsample_bytree': 0.6}",-0.12302342802286148,-0.12302342802286148,0.0,42
0.12848329544067383,0.0,0.0015604496002197266,0.0,0.8,5.0,0.5,200,10,3,0.01,0.0,0.7,"{'subsample': 0.8, 'reg_lambda': 5.0, 'reg_alpha': 0.5, 'n_estimators': 200, 'min_child_weight': 10, 'max_depth': 3, 'learning_rate': 0.01, 'gamma': 0.0, 'colsample_bytree': 0.7}",-0.12184619903564453,-0.12184619903564453,0.0,14
0.1973862648010254,0.0,0.0016357898712158203,0.0,0.6,1.0,1.0,100,1,10,0.03,0.0,0.6,"{'subsample': 0.6, 'reg_lambda': 1.0, 'reg_alpha': 1.0, 'n_estimators': 100, 'min_child_weight': 1, 'max_depth': 10, 'learning_rate': 0.03, 'gamma': 0.0, 'colsample_bytree': 0.6}",-0.12622731924057007,-0.12622731924057007,0.0,129
0.09630298614501953,0.0,0.0015368461608886719,0.0,0.7,2.0,0.1,300,10,6,0.03,0.1,0.9,"{'subsample': 0.7, 'reg_lambda': 2.0, 'reg_alpha': 0.1, 'n_estimators': 300, 'min_child_weight': 10, 'max_depth': 6, 'learning_rate': 0.03, 'gamma': 0.1, 'colsample_bytree': 0.9}",-0.12518808245658875,-0.12518808245658875,0.0,98
0.13303685188293457,0.0,0.0015909671783447266,0.0,0.6,2.0,0.1,500,1,3,0.05,0.1,0.8,"{'subsample': 0.6, 'reg_lambda': 2.0, 'reg_alpha': 0.1, 'n_estimators': 500, 'min_child_weight': 1, 'max_depth': 3, 'learning_rate': 0.05, 'gamma': 0.1, 'colsample_bytree': 0.8}",-0.12510176002979279,-0.12510176002979279,0.0,93
0.12221312522888184,0.0,0.001565694808959961,0.0,0.9,2.0,1.0,500,5,6,0.05,0.5,0.8,"{'subsample': 0.9, 'reg_lambda': 2.0, 'reg_alpha': 1.0, 'n_estimators': 500, 'min_child_weight': 5, 'max_depth': 6, 'learning_rate': 0.05, 'gamma': 0.5, 'colsample_bytree': 0.8}",-0.1269061267375946,-0.1269061267375946,0.0,138
0.02812671661376953,0.0,0.001348257064819336,0.0,0.6,2.0,0.5,100,1,4,0.05,1.0,0.8,"{'subsample': 0.6, 'reg_lambda': 2.0, 'reg_alpha': 0.5, 'n_estimators': 100, 'min_child_weight': 1, 'max_depth': 4, 'learning_rate': 0.05, 'gamma': 1.0, 'colsample_bytree': 0.8}",-0.12902861833572388,-0.12902861833572388,0.0,160
0.08023619651794434,0.0,0.0014955997467041016,0.0,0.6,5.0,0.1,300,1,6,0.1,0.1,0.6,"{'subsample': 0.6, 'reg_lambda': 5.0, 'reg_alpha': 0.1, 'n_estimators': 300, 'min_child_weight': 1, 'max_depth': 6, 'learning_rate': 0.1, 'gamma': 0.1, 'colsample_bytree': 0.6}",-0.1244296059012413,-0.1244296059012413,0.0,78
0.028807640075683594,0.0,0.0013401508331298828,0.0,0.8,5.0,0.0,100,1,4,0.03,1.0,0.9,"{'subsample': 0.8, 'reg_lambda': 5.0, 'reg_alpha': 0.0, 'n_estimators': 100, 'min_child_weight': 1, 'max_depth': 4, 'learning_rate': 0.03, 'gamma': 1.0, 'colsample_bytree': 0.9}",-0.1290283352136612,-0.1290283352136612,0.0,157
0.052636146545410156,0.0,0.001428842544555664,0.0,0.6,2.0,0.1,200,10,6,0.03,0.5,0.6,"{'subsample': 0.6, 'reg_lambda': 2.0, 'reg_alpha': 0.1, 'n_estimators': 200, 'min_child_weight': 10, 'max_depth': 6, 'learning_rate': 0.03, 'gamma': 0.5, 'colsample_bytree': 0.6}",-0.12608668208122253,-0.12608668208122253,0.0,127
0.05392336845397949,0.0,0.001417398452758789,0.0,0.8,1.0,0.0,200,10,3,0.1,0.5,0.9,"{'subsample': 0.8, 'reg_lambda': 1.0, 'reg_alpha': 0.0, 'n_estimators': 200, 'min_child_weight': 10, 'max_depth': 3, 'learning_rate': 0.1, 'gamma': 0.5, 'colsample_bytree': 0.9}",-0.12563547492027283,-0.12563547492027283,0.0,112
0.19866418838500977,0.0,0.0016407966613769531,0.0,0.6,2.0,0.0,100,5,8,0.1,0.0,0.9,"{'subsample': 0.6, 'reg_lambda': 2.0, 'reg_alpha': 0.0, 'n_estimators': 100, 'min_child_weight': 5, 'max_depth': 8, 'learning_rate': 0.1, 'gamma': 0.0, 'colsample_bytree': 0.9}",-0.12262585014104843,-0.12262585014104843,0.0,26
0.05676841735839844,0.0,0.0014412403106689453,0.0,0.9,1.0,0.1,200,3,6,0.1,0.1,0.7,"{'subsample': 0.9, 'reg_lambda': 1.0, 'reg_alpha': 0.1, 'n_estimators': 200, 'min_child_weight': 3, 'max_depth': 6, 'learning_rate': 0.1, 'gamma': 0.1, 'colsample_bytree': 0.7}",-0.12369245290756226,-0.12369245290756226,0.0,59
0.07579612731933594,0.0,0.0014750957489013672,0.0,0.9,1.0,0.0,300,5,3,0.05,0.5,0.7,"{'subsample': 0.9, 'reg_lambda': 1.0, 'reg_alpha': 0.0, 'n_estimators': 300, 'min_child_weight': 5, 'max_depth': 3, 'learning_rate': 0.05, 'gamma': 0.5, 'colsample_bytree': 0.7}",-0.12517540156841278,-0.12517540156841278,0.0,95
0.12726736068725586,0.0,0.0015349388122558594,0.0,0.9,1.0,0.1,500,3,4,0.01,0.5,0.7,"{'subsample': 0.9, 'reg_lambda': 1.0, 'reg_alpha': 0.1, 'n_estimators': 500, 'min_child_weight': 3, 'max_depth': 4, 'learning_rate': 0.01, 'gamma': 0.5, 'colsample_bytree': 0.7}",-0.12542130053043365,-0.12542130053043365,0.0,105
0.0666818618774414,0.0,0.0014674663543701172,0.0,0.8,5.0,1.0,100,1,3,0.1,0.0,0.8,"{'subsample': 0.8, 'reg_lambda': 5.0, 'reg_alpha': 1.0, 'n_estimators': 100, 'min_child_weight': 1, 'max_depth': 3, 'learning_rate': 0.1, 'gamma': 0.0, 'colsample_bytree': 0.8}",-0.123045913875103,-0.123045913875103,0.0,44
0.0760643482208252,0.0,0.0014615058898925781,0.0,0.8,2.0,0.0,300,1,8,0.05,0.5,0.7,"{'subsample': 0.8, 'reg_lambda': 2.0, 'reg_alpha': 0.0, 'n_estimators': 300, 'min_child_weight': 1, 'max_depth': 8, 'learning_rate': 0.05, 'gamma': 0.5, 'colsample_bytree': 0.7}",-0.12455613166093826,-0.12455613166093826,0.0,83
0.05421757698059082,0.0,0.001445770263671875,0.0,0.6,0.5,0.1,200,5,10,0.05,0.5,0.9,"{'subsample': 0.6, 'reg_lambda': 0.5, 'reg_alpha': 0.1, 'n_estimators': 200, 'min_child_weight': 5, 'max_depth': 10, 'learning_rate': 0.05, 'gamma': 0.5, 'colsample_bytree': 0.9}",-0.1258384883403778,-0.1258384883403778,0.0,119
0.19340276718139648,0.0,0.0016126632690429688,0.0,0.9,1.0,0.0,300,3,3,0.01,0.0,0.8,"{'subsample': 0.9, 'reg_lambda': 1.0, 'reg_alpha': 0.0, 'n_estimators': 300, 'min_child_weight': 3, 'max_depth': 3, 'learning_rate': 0.01, 'gamma': 0.0, 'colsample_bytree': 0.8}",-0.1236477792263031,-0.1236477792263031,0.0,55
0.4080677032470703,0.0,0.0018858909606933594,0.0,0.8,0.5,0.5,300,5,8,0.05,0.0,0.6,"{'subsample': 0.8, 'reg_lambda': 0.5, 'reg_alpha': 0.5, 'n_estimators': 300, 'min_child_weight': 5, 'max_depth': 8, 'learning_rate': 0.05, 'gamma': 0.0, 'colsample_bytree': 0.6}",-0.12453817576169968,-0.12453817576169968,0.0,82
0.0743715763092041,0.0,0.0014755725860595703,0.0,0.8,0.5,0.5,300,3,3,0.01,1.0,0.6,"{'subsample': 0.8, 'reg_lambda': 0.5, 'reg_alpha': 0.5, 'n_estimators': 300, 'min_child_weight': 3, 'max_depth': 3, 'learning_rate': 0.01, 'gamma': 1.0, 'colsample_bytree': 0.6}",-0.1290317177772522,-0.1290317177772522,0.0,177
0.029024124145507812,0.0,0.0013494491577148438,0.0,0.6,0.5,0.5,100,3,4,0.03,0.5,0.7,"{'subsample': 0.6, 'reg_lambda': 0.5, 'reg_alpha': 0.5, 'n_estimators': 100, 'min_child_weight': 3, 'max_depth': 4, 'learning_rate': 0.03, 'gamma': 0.5, 'colsample_bytree': 0.7}",-0.12817825376987457,-0.12817825376987457,0.0,146
0.20081734657287598,0.0,0.0016562938690185547,0.0,0.8,2.0,1.0,200,3,6,0.05,0.0,0.6,"{'subsample': 0.8, 'reg_lambda': 2.0, 'reg_alpha': 1.0, 'n_estimators': 200, 'min_child_weight': 3, 'max_depth': 6, 'learning_rate': 0.05, 'gamma': 0.0, 'colsample_bytree': 0.6}",-0.1251785308122635,-0.1251785308122635,0.0,96
0.030103445053100586,0.0,0.0013911724090576172,0.0,0.6,1.0,0.0,100,10,8,0.05,0.5,0.9,"{'subsample': 0.6, 'reg_lambda': 1.0, 'reg_alpha': 0.0, 'n_estimators': 100, 'min_child_weight': 10, 'max_depth': 8, 'learning_rate': 0.05, 'gamma': 0.5, 'colsample_bytree': 0.9}",-0.12567691504955292,-0.12567691504955292,0.0,113
0.12125515937805176,0.0,0.0015370845794677734,0.0,0.7,2.0,0.5,500,3,4,0.05,0.5,0.7,"{'subsample': 0.7, 'reg_lambda': 2.0, 'reg_alpha': 0.5, 'n_estimators': 500, 'min_child_weight': 3, 'max_depth': 4, 'learning_rate': 0.05, 'gamma': 0.5, 'colsample_bytree': 0.7}",-0.1260981410741806,-0.1260981410741806,0.0,128
0.13030076026916504,0.0,0.0015683174133300781,0.0,0.8,1.0,0.5,500,1,6,0.01,0.5,0.9,"{'subsample': 0.8, 'reg_lambda': 1.0, 'reg_alpha': 0.5, 'n_estimators': 500, 'min_child_weight': 1, 'max_depth': 6, 'learning_rate': 0.01, 'gamma': 0.5, 'colsample_bytree': 0.9}",-0.12649880349636078,-0.12649880349636078,0.0,132
0.12531375885009766,0.0,0.0015571117401123047,0.0,0.7,2.0,1.0,500,10,8,0.1,1.0,0.9,"{'subsample': 0.7, 'reg_lambda': 2.0, 'reg_alpha': 1.0, 'n_estimators': 500, 'min_child_weight': 10, 'max_depth': 8, 'learning_rate': 0.1, 'gamma': 1.0, 'colsample_bytree': 0.9}",-0.12903238832950592,-0.12903238832950592,0.0,182
0.0478513240814209,0.0,0.0014071464538574219,0.0,0.6,2.0,0.5,100,1,6,0.01,0.1,0.7,"{'subsample': 0.6, 'reg_lambda': 2.0, 'reg_alpha': 0.5, 'n_estimators': 100, 'min_child_weight': 1, 'max_depth': 6, 'learning_rate': 0.01, 'gamma': 0.1, 'colsample_bytree': 0.7}",-0.12346509844064713,-0.12346509844064713,0.0,53
0.31024980545043945,0.0,0.0017254352569580078,0.0,0.9,2.0,0.1,100,1,10,0.1,0.0,0.8,"{'subsample': 0.9, 'reg_lambda': 2.0, 'reg_alpha': 0.1, 'n_estimators': 100, 'min_child_weight': 1, 'max_depth': 10, 'learning_rate': 0.1, 'gamma': 0.0, 'colsample_bytree': 0.8}",-0.12453314661979675,-0.12453314661979675,0.0,81
0.08559083938598633,0.0,0.0015118122100830078,0.0,0.8,1.0,0.0,300,1,8,0.1,0.1,0.9,"{'subsample': 0.8, 'reg_lambda': 1.0, 'reg_alpha': 0.0, 'n_estimators': 300, 'min_child_weight': 1, 'max_depth': 8, 'learning_rate': 0.1, 'gamma': 0.1, 'colsample_bytree': 0.9}",-0.12504874169826508,-0.12504874169826508,0.0,92
0.18358349800109863,0.0,0.0016064643859863281,0.0,0.6,2.0,0.0,500,1,10,0.01,0.1,0.9,"{'subsample': 0.6, 'reg_lambda': 2.0, 'reg_alpha': 0.0, 'n_estimators': 500, 'min_child_weight': 1, 'max_depth': 10, 'learning_rate': 0.01, 'gamma': 0.1, 'colsample_bytree': 0.9}",-0.12365651875734329,-0.12365651875734329,0.0,58
0.06884002685546875,0.0,0.0014700889587402344,0.0,0.9,1.0,0.0,200,10,10,0.03,0.1,0.6,"{'subsample': 0.9, 'reg_lambda': 1.0, 'reg_alpha': 0.0, 'n_estimators': 200, 'min_child_weight': 10, 'max_depth': 10, 'learning_rate': 0.03, 'gamma': 0.1, 'colsample_bytree': 0.6}",-0.12431851029396057,-0.12431851029396057,0.0,74
0.029067277908325195,0.0,0.0013928413391113281,0.0,0.6,0.5,0.5,100,1,6,0.03,1.0,0.9,"{'subsample': 0.6, 'reg_lambda': 0.5, 'reg_alpha': 0.5, 'n_estimators': 100, 'min_child_weight': 1, 'max_depth': 6, 'learning_rate': 0.03, 'gamma': 1.0, 'colsample_bytree': 0.9}",-0.12902991473674774,-0.12902991473674774,0.0,169
0.07866191864013672,0.0,0.0014753341674804688,0.0,0.8,1.0,0.1,300,3,3,0.05,0.5,0.9,"{'subsample': 0.8, 'reg_lambda': 1.0, 'reg_alpha': 0.1, 'n_estimators': 300, 'min_child_weight': 3, 'max_depth': 3, 'learning_rate': 0.05, 'gamma': 0.5, 'colsample_bytree': 0.9}",-0.12511858344078064,-0.12511858344078064,0.0,94
0.028109073638916016,0.0,0.0013370513916015625,0.0,0.7,5.0,1.0,100,5,3,0.1,1.0,0.6,"{'subsample': 0.7, 'reg_lambda': 5.0, 'reg_alpha': 1.0, 'n_estimators': 100, 'min_child_weight': 5, 'max_depth': 3, 'learning_rate': 0.1, 'gamma': 1.0, 'colsample_bytree': 0.6}",-0.12903279066085815,-0.12903279066085815,0.0,186
0.02891254425048828,0.0,0.0013175010681152344,0.0,0.6,1.0,0.5,100,10,3,0.01,0.5,0.7,"{'subsample': 0.6, 'reg_lambda': 1.0, 'reg_alpha': 0.5, 'n_estimators': 100, 'min_child_weight': 10, 'max_depth': 3, 'learning_rate': 0.01, 'gamma': 0.5, 'colsample_bytree': 0.7}",-0.12844467163085938,-0.12844467163085938,0.0,150
0.14549636840820312,0.0,0.0016014575958251953,0.0,0.7,1.0,0.1,500,5,4,0.03,0.1,0.9,"{'subsample': 0.7, 'reg_lambda': 1.0, 'reg_alpha': 0.1, 'n_estimators': 500, 'min_child_weight': 5, 'max_depth': 4, 'learning_rate': 0.03, 'gamma': 0.1, 'colsample_bytree': 0.9}",-0.125448077917099,-0.125448077917099,0.0,108
0.16741466522216797,0.0,0.0016129016876220703,0.0,0.8,2.0,0.1,500,10,8,0.01,0.1,0.6,"{'subsample': 0.8, 'reg_lambda': 2.0, 'reg_alpha': 0.1, 'n_estimators': 500, 'min_child_weight': 10, 'max_depth': 8, 'learning_rate': 0.01, 'gamma': 0.1, 'colsample_bytree': 0.6}",-0.12441016733646393,-0.12441016733646393,0.0,77
0.12884950637817383,0.0,0.0015871524810791016,0.0,0.6,0.5,0.0,500,10,4,0.1,0.1,0.8,"{'subsample': 0.6, 'reg_lambda': 0.5, 'reg_alpha': 0.0, 'n_estimators': 500, 'min_child_weight': 10, 'max_depth': 4, 'learning_rate': 0.1, 'gamma': 0.1, 'colsample_bytree': 0.8}",-0.12305650860071182,-0.12305650860071182,0.0,46
0.07491874694824219,0.0,0.00148773193359375,0.0,0.8,5.0,0.5,300,10,3,0.1,0.5,0.7,"{'subsample': 0.8, 'reg_lambda': 5.0, 'reg_alpha': 0.5, 'n_estimators': 300, 'min_child_weight': 10, 'max_depth': 3, 'learning_rate': 0.1, 'gamma': 0.5, 'colsample_bytree': 0.7}",-0.12517884373664856,-0.12517884373664856,0.0,97
0.07405853271484375,0.0,0.0014801025390625,0.0,0.8,0.5,0.0,300,5,10,0.05,1.0,0.7,"{'subsample': 0.8, 'reg_lambda': 0.5, 'reg_alpha': 0.0, 'n_estimators': 300, 'min_child_weight': 5, 'max_depth': 10, 'learning_rate': 0.05, 'gamma': 1.0, 'colsample_bytree': 0.7}",-0.12903931736946106,-0.12903931736946106,0.0,191
0.16511225700378418,0.0,0.0016317367553710938,0.0,0.6,0.5,0.0,100,10,10,0.1,0.0,0.8,"{'subsample': 0.6, 'reg_lambda': 0.5, 'reg_alpha': 0.0, 'n_estimators': 100, 'min_child_weight': 10, 'max_depth': 10, 'learning_rate': 0.1, 'gamma': 0.0, 'colsample_bytree': 0.8}",-0.13108041882514954,-0.13108041882514954,0.0,200
0.029401302337646484,0.0,0.0013554096221923828,0.0,0.6,1.0,0.0,100,1,10,0.03,0.5,0.8,"{'subsample': 0.6, 'reg_lambda': 1.0, 'reg_alpha': 0.0, 'n_estimators': 100, 'min_child_weight': 1, 'max_depth': 10, 'learning_rate': 0.03, 'gamma': 0.5, 'colsample_bytree': 0.8}",-0.12636077404022217,-0.12636077404022217,0.0,130
0.23099732398986816,0.0,0.0016880035400390625,0.0,0.8,1.0,1.0,500,3,4,0.1,0.0,0.7,"{'subsample': 0.8, 'reg_lambda': 1.0, 'reg_alpha': 1.0, 'n_estimators': 500, 'min_child_weight': 3, 'max_depth': 4, 'learning_rate': 0.1, 'gamma': 0.0, 'colsample_bytree': 0.7}",-0.1230982169508934,-0.1230982169508934,0.0,47
0.2742586135864258,0.0,0.0017588138580322266,0.0,0.8,1.0,0.5,200,10,8,0.03,0.0,0.7,"{'subsample': 0.8, 'reg_lambda': 1.0, 'reg_alpha': 0.5, 'n_estimators': 200, 'min_child_weight': 10, 'max_depth': 8, 'learning_rate': 0.03, 'gamma': 0.0, 'colsample_bytree': 0.7}",-0.12263093143701553,-0.12263093143701553,0.0,27
0.03400611877441406,0.0,0.0013856887817382812,0.0,0.8,2.0,0.1,100,10,8,0.1,0.1,0.7,"{'subsample': 0.8, 'reg_lambda': 2.0, 'reg_alpha': 0.1, 'n_estimators': 100, 'min_child_weight': 10, 'max_depth': 8, 'learning_rate': 0.1, 'gamma': 0.1, 'colsample_bytree': 0.7}",-0.12433961033821106,-0.12433961033821106,0.0,75
0.081817626953125,0.0,0.0014848709106445312,0.0,0.6,2.0,0.0,300,3,4,0.1,0.1,0.7,"{'subsample': 0.6, 'reg_lambda': 2.0, 'reg_alpha': 0.0, 'n_estimators': 300, 'min_child_weight': 3, 'max_depth': 4, 'learning_rate': 0.1, 'gamma': 0.1, 'colsample_bytree': 0.7}",-0.12552450597286224,-0.12552450597286224,0.0,111
0.029577255249023438,0.0,0.0013611316680908203,0.0,0.8,5.0,0.0,100,1,8,0.05,0.5,0.8,"{'subsample': 0.8, 'reg_lambda': 5.0, 'reg_alpha': 0.0, 'n_estimators': 100, 'min_child_weight': 1, 'max_depth': 8, 'learning_rate': 0.05, 'gamma': 0.5, 'colsample_bytree': 0.8}",-0.1250060349702835,-0.1250060349702835,0.0,91
0.052756547927856445,0.0,0.0014481544494628906,0.0,0.7,2.0,0.1,200,10,8,0.05,0.5,0.8,"{'subsample': 0.7, 'reg_lambda': 2.0, 'reg_alpha': 0.1, 'n_estimators': 200, 'min_child_weight': 10, 'max_depth': 8, 'learning_rate': 0.05, 'gamma': 0.5, 'colsample_bytree': 0.8}",-0.12600430846214294,-0.12600430846214294,0.0,124
0.03153419494628906,0.0,0.0013501644134521484,0.0,0.7,2.0,0.5,100,5,10,0.1,0.1,0.7,"{'subsample': 0.7, 'reg_lambda': 2.0, 'reg_alpha': 0.5, 'n_estimators': 100, 'min_child_weight': 5, 'max_depth': 10, 'learning_rate': 0.1, 'gamma': 0.1, 'colsample_bytree': 0.7}",-0.1229531392455101,-0.1229531392455101,0.0,41
0.07863283157348633,0.0,0.0014815330505371094,0.0,0.9,2.0,1.0,200,10,6,0.01,0.1,0.6,"{'subsample': 0.9, 'reg_lambda': 2.0, 'reg_alpha': 1.0, 'n_estimators': 200, 'min_child_weight': 10, 'max_depth': 6, 'learning_rate': 0.01, 'gamma': 0.1, 'colsample_bytree': 0.6}",-0.12283733487129211,-0.12283733487129211,0.0,33
0.3472096920013428,0.0,0.001829385757446289,0.0,0.8,0.5,1.0,300,5,6,0.03,0.0,0.9,"{'subsample': 0.8, 'reg_lambda': 0.5, 'reg_alpha': 1.0, 'n_estimators': 300, 'min_child_weight': 5, 'max_depth': 6, 'learning_rate': 0.03, 'gamma': 0.0, 'colsample_bytree': 0.9}",-0.12288398295640945,-0.12288398295640945,0.0,37
0.02851080894470215,0.0,0.0013625621795654297,0.0,0.8,5.0,1.0,100,5,10,0.1,1.0,0.8,"{'subsample': 0.8, 'reg_lambda': 5.0, 'reg_alpha': 1.0, 'n_estimators': 100, 'min_child_weight': 5, 'max_depth': 10, 'learning_rate': 0.1, 'gamma': 1.0, 'colsample_bytree': 0.8}",-0.12902921438217163,-0.12902921438217163,0.0,165
0.05272364616394043,0.0,0.0014386177062988281,0.0,0.9,5.0,0.1,200,10,8,0.03,0.5,0.6,"{'subsample': 0.9, 'reg_lambda': 5.0, 'reg_alpha': 0.1, 'n_estimators': 200, 'min_child_weight': 10, 'max_depth': 8, 'learning_rate': 0.03, 'gamma': 0.5, 'colsample_bytree': 0.6}",-0.1256789267063141,-0.1256789267063141,0.0,114
0.724947452545166,0.0,0.002235889434814453,0.0,0.8,1.0,0.5,500,5,6,0.01,0.0,0.9,"{'subsample': 0.8, 'reg_lambda': 1.0, 'reg_alpha': 0.5, 'n_estimators': 500, 'min_child_weight': 5, 'max_depth': 6, 'learning_rate': 0.01, 'gamma': 0.0, 'colsample_bytree': 0.9}",-0.12294258177280426,-0.12294258177280426,0.0,40
0.12205672264099121,0.0,0.0015978813171386719,0.0,0.6,0.5,1.0,500,1,10,0.1,0.1,0.7,"{'subsample': 0.6, 'reg_lambda': 0.5, 'reg_alpha': 1.0, 'n_estimators': 500, 'min_child_weight': 1, 'max_depth': 10, 'learning_rate': 0.1, 'gamma': 0.1, 'colsample_bytree': 0.7}",-0.12259332835674286,-0.12259332835674286,0.0,24
0.04994010925292969,0.0,0.0014414787292480469,0.0,0.9,0.5,1.0,100,5,10,0.01,0.1,0.7,"{'subsample': 0.9, 'reg_lambda': 0.5, 'reg_alpha': 1.0, 'n_estimators': 100, 'min_child_weight': 5, 'max_depth': 10, 'learning_rate': 0.01, 'gamma': 0.1, 'colsample_bytree': 0.7}",-0.12303095310926437,-0.12303095310926437,0.0,43
0.14417624473571777,0.0,0.0015916824340820312,0.0,0.6,5.0,1.0,500,10,3,0.01,0.1,0.8,"{'subsample': 0.6, 'reg_lambda': 5.0, 'reg_alpha': 1.0, 'n_estimators': 500, 'min_child_weight': 10, 'max_depth': 3, 'learning_rate': 0.01, 'gamma': 0.1, 'colsample_bytree': 0.8}",-0.12260531634092331,-0.12260531634092331,0.0,25
0.06686758995056152,0.0,0.0014705657958984375,0.0,0.9,5.0,0.1,200,1,8,0.03,0.1,0.7,"{'subsample': 0.9, 'reg_lambda': 5.0, 'reg_alpha': 0.1, 'n_estimators': 200, 'min_child_weight': 1, 'max_depth': 8, 'learning_rate': 0.03, 'gamma': 0.1, 'colsample_bytree': 0.7}",-0.1236506924033165,-0.1236506924033165,0.0,56
0.12073421478271484,0.0,0.0015914440155029297,0.0,0.6,1.0,0.5,500,3,4,0.03,0.5,0.8,"{'subsample': 0.6, 'reg_lambda': 1.0, 'reg_alpha': 0.5, 'n_estimators': 500, 'min_child_weight': 3, 'max_depth': 4, 'learning_rate': 0.03, 'gamma': 0.5, 'colsample_bytree': 0.8}",-0.12704746425151825,-0.12704746425151825,0.0,140
0.1230623722076416,0.0,0.0015676021575927734,0.0,0.8,1.0,0.1,300,3,8,0.01,0.1,0.7,"{'subsample': 0.8, 'reg_lambda': 1.0, 'reg_alpha': 0.1, 'n_estimators': 300, 'min_child_weight': 3, 'max_depth': 8, 'learning_rate': 0.01, 'gamma': 0.1, 'colsample_bytree': 0.7}",-0.12473196536302567,-0.12473196536302567,0.0,86
0.12470507621765137,0.0,0.0015723705291748047,0.0,0.8,1.0,0.5,500,1,8,0.1,0.1,0.8,"{'subsample': 0.8, 'reg_lambda': 1.0, 'reg_alpha': 0.5, 'n_estimators': 500, 'min_child_weight': 1, 'max_depth': 8, 'learning_rate': 0.1, 'gamma': 0.1, 'colsample_bytree': 0.8}",-0.12265804409980774,-0.12265804409980774,0.0,28
0.08545970916748047,0.0,0.0014979839324951172,0.0,0.8,5.0,0.0,300,5,8,0.05,0.1,0.8,"{'subsample': 0.8, 'reg_lambda': 5.0, 'reg_alpha': 0.0, 'n_estimators': 300, 'min_child_weight': 5, 'max_depth': 8, 'learning_rate': 0.05, 'gamma': 0.1, 'colsample_bytree': 0.8}",-0.12412743270397186,-0.12412743270397186,0.0,69
0.6748089790344238,0.0,0.0019998550415039062,0.0,0.8,2.0,0.5,300,1,8,0.01,0.0,0.9,"{'subsample': 0.8, 'reg_lambda': 2.0, 'reg_alpha': 0.5, 'n_estimators': 300, 'min_child_weight': 1, 'max_depth': 8, 'learning_rate': 0.01, 'gamma': 0.0, 'colsample_bytree': 0.9}",-0.12594489753246307,-0.12594489753246307,0.0,123
0.18749070167541504,0.0,0.0016052722930908203,0.0,0.6,5.0,0.1,100,5,10,0.01,0.0,0.9,"{'subsample': 0.6, 'reg_lambda': 5.0, 'reg_alpha': 0.1, 'n_estimators': 100, 'min_child_weight': 5, 'max_depth': 10, 'learning_rate': 0.01, 'gamma': 0.0, 'colsample_bytree': 0.9}",-0.12207577377557755,-0.12207577377557755,0.0,18
0.0958256721496582,0.0,0.0015430450439453125,0.0,0.9,0.5,0.5,100,1,4,0.01,0.0,0.8,"{'subsample': 0.9, 'reg_lambda': 0.5, 'reg_alpha': 0.5, 'n_estimators': 100, 'min_child_weight': 1, 'max_depth': 4, 'learning_rate': 0.01, 'gamma': 0.0, 'colsample_bytree': 0.8}",-0.12375818938016891,-0.12375818938016891,0.0,61
0.07736587524414062,0.0,0.0014698505401611328,0.0,0.9,5.0,0.1,300,1,6,0.1,1.0,0.9,"{'subsample': 0.9, 'reg_lambda': 5.0, 'reg_alpha': 0.1, 'n_estimators': 300, 'min_child_weight': 1, 'max_depth': 6, 'learning_rate': 0.1, 'gamma': 1.0, 'colsample_bytree': 0.9}",-0.12904739379882812,-0.12904739379882812,0.0,197
0.05530142784118652,0.0,0.001422882080078125,0.0,0.7,0.5,0.0,200,5,6,0.01,0.5,0.6,"{'subsample': 0.7, 'reg_lambda': 0.5, 'reg_alpha': 0.0, 'n_estimators': 200, 'min_child_weight': 5, 'max_depth': 6, 'learning_rate': 0.01, 'gamma': 0.5, 'colsample_bytree': 0.6}",-0.12600477039813995,-0.12600477039813995,0.0,125
0.028215885162353516,0.0,0.0013589859008789062,0.0,0.6,5.0,0.5,100,5,6,0.01,1.0,0.6,"{'subsample': 0.6, 'reg_lambda': 5.0, 'reg_alpha': 0.5, 'n_estimators': 100, 'min_child_weight': 5, 'max_depth': 6, 'learning_rate': 0.01, 'gamma': 1.0, 'colsample_bytree': 0.6}",-0.1290309727191925,-0.1290309727191925,0.0,173
0.12825655937194824,0.0,0.0015637874603271484,0.0,0.6,1.0,1.0,500,10,4,0.03,0.1,0.7,"{'subsample': 0.6, 'reg_lambda': 1.0, 'reg_alpha': 1.0, 'n_estimators': 500, 'min_child_weight': 10, 'max_depth': 4, 'learning_rate': 0.03, 'gamma': 0.1, 'colsample_bytree': 0.7}",-0.12304800748825073,-0.12304800748825073,0.0,45
0.4219217300415039,0.0,0.001882314682006836,0.0,0.7,1.0,0.0,300,5,6,0.01,0.0,0.6,"{'subsample': 0.7, 'reg_lambda': 1.0, 'reg_alpha': 0.0, 'n_estimators': 300, 'min_child_weight': 5, 'max_depth': 6, 'learning_rate': 0.01, 'gamma': 0.0, 'colsample_bytree': 0.6}",-0.12373440712690353,-0.12373440712690353,0.0,60
0.051613807678222656,0.0,0.001436471939086914,0.0,0.9,2.0,0.5,200,5,6,0.1,1.0,0.8,"{'subsample': 0.9, 'reg_lambda': 2.0, 'reg_alpha': 0.5, 'n_estimators': 200, 'min_child_weight': 5, 'max_depth': 6, 'learning_rate': 0.1, 'gamma': 1.0, 'colsample_bytree': 0.8}",-0.12902824580669403,-0.12902824580669403,0.0,156
0.032048702239990234,0.0,0.0013523101806640625,0.0,0.9,2.0,0.5,100,5,3,0.1,0.1,0.8,"{'subsample': 0.9, 'reg_lambda': 2.0, 'reg_alpha': 0.5, 'n_estimators': 100, 'min_child_weight': 5, 'max_depth': 3, 'learning_rate': 0.1, 'gamma': 0.1, 'colsample_bytree': 0.8}",-0.12287914752960205,-0.12287914752960205,0.0,35
0.06598258018493652,0.0,0.0014705657958984375,0.0,0.9,0.5,0.1,200,3,3,0.03,0.1,0.6,"{'subsample': 0.9, 'reg_lambda': 0.5, 'reg_alpha': 0.1, 'n_estimators': 200, 'min_child_weight': 3, 'max_depth': 3, 'learning_rate': 0.03, 'gamma': 0.1, 'colsample_bytree': 0.6}",-0.12443121522665024,-0.12443121522665024,0.0,79
0.05185699462890625,0.0,0.0014071464538574219,0.0,0.8,2.0,0.0,200,3,10,0.03,1.0,0.7,"{'subsample': 0.8, 'reg_lambda': 2.0, 'reg_alpha': 0.0, 'n_estimators': 200, 'min_child_weight': 3, 'max_depth': 10, 'learning_rate': 0.03, 'gamma': 1.0, 'colsample_bytree': 0.7}",-0.12902776896953583,-0.12902776896953583,0.0,152
0.14755892753601074,0.0,0.001611471176147461,0.0,0.9,5.0,1.0,200,5,6,0.1,0.0,0.6,"{'subsample': 0.9, 'reg_lambda': 5.0, 'reg_alpha': 1.0, 'n_estimators': 200, 'min_child_weight': 5, 'max_depth': 6, 'learning_rate': 0.1, 'gamma': 0.0, 'colsample_bytree': 0.6}",-0.12526613473892212,-0.12526613473892212,0.0,102
0.12554383277893066,0.0,0.0015673637390136719,0.0,0.7,2.0,1.0,500,3,4,0.01,0.5,0.9,"{'subsample': 0.7, 'reg_lambda': 2.0, 'reg_alpha': 1.0, 'n_estimators': 500, 'min_child_weight': 3, 'max_depth': 4, 'learning_rate': 0.01, 'gamma': 0.5, 'colsample_bytree': 0.9}",-0.1284245401620865,-0.1284245401620865,0.0,149
0.12104201316833496,0.0,0.001522064208984375,0.0,0.8,1.0,1.0,500,10,8,0.05,1.0,0.6,"{'subsample': 0.8, 'reg_lambda': 1.0, 'reg_alpha': 1.0, 'n_estimators': 500, 'min_child_weight': 10, 'max_depth': 8, 'learning_rate': 0.05, 'gamma': 1.0, 'colsample_bytree': 0.6}",-0.12903238832950592,-0.12903238832950592,0.0,182
0.12305927276611328,0.0,0.0015683174133300781,0.0,0.8,1.0,0.5,500,1,8,0.01,0.5,0.6,"{'subsample': 0.8, 'reg_lambda': 1.0, 'reg_alpha': 0.5, 'n_estimators': 500, 'min_child_weight': 1, 'max_depth': 8, 'learning_rate': 0.01, 'gamma': 0.5, 'colsample_bytree': 0.6}",-0.12656505405902863,-0.12656505405902863,0.0,134
0.12880468368530273,0.0,0.0015807151794433594,0.0,0.6,0.5,0.5,500,1,10,0.1,0.1,0.9,"{'subsample': 0.6, 'reg_lambda': 0.5, 'reg_alpha': 0.5, 'n_estimators': 500, 'min_child_weight': 1, 'max_depth': 10, 'learning_rate': 0.1, 'gamma': 0.1, 'colsample_bytree': 0.9}",-0.12408731877803802,-0.12408731877803802,0.0,65
0.07469654083251953,0.0,0.0014829635620117188,0.0,0.6,0.5,0.0,300,3,6,0.1,1.0,0.7,"{'subsample': 0.6, 'reg_lambda': 0.5, 'reg_alpha': 0.0, 'n_estimators': 300, 'min_child_weight': 3, 'max_depth': 6, 'learning_rate': 0.1, 'gamma': 1.0, 'colsample_bytree': 0.7}",-0.12904752790927887,-0.12904752790927887,0.0,198
0.05184030532836914,0.0,0.0014226436614990234,0.0,0.6,2.0,1.0,200,3,3,0.03,0.5,0.7,"{'subsample': 0.6, 'reg_lambda': 2.0, 'reg_alpha': 1.0, 'n_estimators': 200, 'min_child_weight': 3, 'max_depth': 3, 'learning_rate': 0.03, 'gamma': 0.5, 'colsample_bytree': 0.7}",-0.12902869284152985,-0.12902869284152985,0.0,162
0.05143475532531738,0.0,0.0014290809631347656,0.0,0.6,2.0,1.0,200,5,10,0.05,0.5,0.7,"{'subsample': 0.6, 'reg_lambda': 2.0, 'reg_alpha': 1.0, 'n_estimators': 200, 'min_child_weight': 5, 'max_depth': 10, 'learning_rate': 0.05, 'gamma': 0.5, 'colsample_bytree': 0.7}",-0.12902794778347015,-0.12902794778347015,0.0,154
0.12185382843017578,0.0,0.0015485286712646484,0.0,0.9,0.5,1.0,200,5,3,0.05,0.0,0.7,"{'subsample': 0.9, 'reg_lambda': 0.5, 'reg_alpha': 1.0, 'n_estimators': 200, 'min_child_weight': 5, 'max_depth': 3, 'learning_rate': 0.05, 'gamma': 0.0, 'colsample_bytree': 0.7}",-0.12438008189201355,-0.12438008189201355,0.0,76
0.1228630542755127,0.0,0.0015475749969482422,0.0,0.6,5.0,0.0,500,10,10,0.01,0.5,0.7,"{'subsample': 0.6, 'reg_lambda': 5.0, 'reg_alpha': 0.0, 'n_estimators': 500, 'min_child_weight': 10, 'max_depth': 10, 'learning_rate': 0.01, 'gamma': 0.5, 'colsample_bytree': 0.7}",-0.12662139534950256,-0.12662139534950256,0.0,135
0.1197655200958252,0.0,0.0015337467193603516,0.0,0.6,2.0,0.5,500,5,8,0.05,0.5,0.6,"{'subsample': 0.6, 'reg_lambda': 2.0, 'reg_alpha': 0.5, 'n_estimators': 500, 'min_child_weight': 5, 'max_depth': 8, 'learning_rate': 0.05, 'gamma': 0.5, 'colsample_bytree': 0.6}",-0.12688910961151123,-0.12688910961151123,0.0,137
0.1727428436279297,0.0,0.0015869140625,0.0,0.9,1.0,0.0,500,3,4,0.01,0.1,0.6,"{'subsample': 0.9, 'reg_lambda': 1.0, 'reg_alpha': 0.0, 'n_estimators': 500, 'min_child_weight': 3, 'max_depth': 4, 'learning_rate': 0.01, 'gamma': 0.1, 'colsample_bytree': 0.6}",-0.1252647340297699,-0.1252647340297699,0.0,101
0.07495999336242676,0.0,0.0014834403991699219,0.0,0.8,2.0,0.1,300,3,8,0.05,0.5,0.7,"{'subsample': 0.8, 'reg_lambda': 2.0, 'reg_alpha': 0.1, 'n_estimators': 300, 'min_child_weight': 3, 'max_depth': 8, 'learning_rate': 0.05, 'gamma': 0.5, 'colsample_bytree': 0.7}",-0.12524622678756714,-0.12524622678756714,0.0,100
0.07495903968811035,0.0,0.0014643669128417969,0.0,0.6,2.0,0.0,300,5,3,0.01,1.0,0.8,"{'subsample': 0.6, 'reg_lambda': 2.0, 'reg_alpha': 0.0, 'n_estimators': 300, 'min_child_weight': 5, 'max_depth': 3, 'learning_rate': 0.01, 'gamma': 1.0, 'colsample_bytree': 0.8}",-0.12903432548046112,-0.12903432548046112,0.0,188
0.37725043296813965,0.0,0.0018193721771240234,0.0,0.6,1.0,0.5,300,5,10,0.1,0.0,0.9,"{'subsample': 0.6, 'reg_lambda': 1.0, 'reg_alpha': 0.5, 'n_estimators': 300, 'min_child_weight': 5, 'max_depth': 10, 'learning_rate': 0.1, 'gamma': 0.0, 'colsample_bytree': 0.9}",-0.12458892911672592,-0.12458892911672592,0.0,84
0.12197732925415039,0.0,0.0015532970428466797,0.0,0.6,0.5,0.5,500,1,8,0.01,1.0,0.8,"{'subsample': 0.6, 'reg_lambda': 0.5, 'reg_alpha': 0.5, 'n_estimators': 500, 'min_child_weight': 1, 'max_depth': 8, 'learning_rate': 0.01, 'gamma': 1.0, 'colsample_bytree': 0.8}",-0.12903589010238647,-0.12903589010238647,0.0,189
0.6057052612304688,0.0,0.0020720958709716797,0.0,0.7,2.0,0.5,500,1,8,0.05,0.0,0.6,"{'subsample': 0.7, 'reg_lambda': 2.0, 'reg_alpha': 0.5, 'n_estimators': 500, 'min_child_weight': 1, 'max_depth': 8, 'learning_rate': 0.05, 'gamma': 0.0, 'colsample_bytree': 0.6}",-0.12478635460138321,-0.12478635460138321,0.0,87
0.42532968521118164,0.0,0.0018889904022216797,0.0,0.8,5.0,0.0,500,10,4,0.01,0.0,0.8,"{'subsample': 0.8, 'reg_lambda': 5.0, 'reg_alpha': 0.0, 'n_estimators': 500, 'min_child_weight': 10, 'max_depth': 4, 'learning_rate': 0.01, 'gamma': 0.0, 'colsample_bytree': 0.8}",-0.12378346920013428,-0.12378346920013428,0.0,62
0.07410836219787598,0.0,0.0014719963073730469,0.0,0.9,5.0,0.1,300,5,10,0.1,0.5,0.6,"{'subsample': 0.9, 'reg_lambda': 5.0, 'reg_alpha': 0.1, 'n_estimators': 300, 'min_child_weight': 5, 'max_depth': 10, 'learning_rate': 0.1, 'gamma': 0.5, 'colsample_bytree': 0.6}",-0.12543389201164246,-0.12543389201164246,0.0,106
0.12082743644714355,0.0,0.001547098159790039,0.0,0.6,2.0,0.5,500,1,6,0.03,1.0,0.6,"{'subsample': 0.6, 'reg_lambda': 2.0, 'reg_alpha': 0.5, 'n_estimators': 500, 'min_child_weight': 1, 'max_depth': 6, 'learning_rate': 0.03, 'gamma': 1.0, 'colsample_bytree': 0.6}",-0.12904074788093567,-0.12904074788093567,0.0,192
0.07678961753845215,0.0,0.0014815330505371094,0.0,0.9,0.5,1.0,300,5,3,0.1,0.1,0.7,"{'subsample': 0.9, 'reg_lambda': 0.5, 'reg_alpha': 1.0, 'n_estimators': 300, 'min_child_weight': 5, 'max_depth': 3, 'learning_rate': 0.1, 'gamma': 0.1, 'colsample_bytree': 0.7}",-0.12279371172189713,-0.12279371172189713,0.0,31
0.029121875762939453,0.0,0.0013566017150878906,0.0,0.7,5.0,1.0,100,10,3,0.03,1.0,0.9,"{'subsample': 0.7, 'reg_lambda': 5.0, 'reg_alpha': 1.0, 'n_estimators': 100, 'min_child_weight': 10, 'max_depth': 3, 'learning_rate': 0.03, 'gamma': 1.0, 'colsample_bytree': 0.9}",-0.1290319412946701,-0.1290319412946701,0.0,180
0.0766756534576416,0.0,0.0014789104461669922,0.0,0.7,2.0,1.0,300,3,8,0.1,0.1,0.6,"{'subsample': 0.7, 'reg_lambda': 2.0, 'reg_alpha': 1.0, 'n_estimators': 300, 'min_child_weight': 3, 'max_depth': 8, 'learning_rate': 0.1, 'gamma': 0.1, 'colsample_bytree': 0.6}",-0.12208807468414307,-0.12208807468414307,0.0,19
0.038239479064941406,0.0,0.0013859272003173828,0.0,0.9,0.5,1.0,100,5,8,0.03,0.1,0.8,"{'subsample': 0.9, 'reg_lambda': 0.5, 'reg_alpha': 1.0, 'n_estimators': 100, 'min_child_weight': 5, 'max_depth': 8, 'learning_rate': 0.03, 'gamma': 0.1, 'colsample_bytree': 0.8}",-0.12258703261613846,-0.12258703261613846,0.0,23
0.029952526092529297,0.0,0.0013384819030761719,0.0,0.9,2.0,0.0,100,3,10,0.03,0.5,0.8,"{'subsample': 0.9, 'reg_lambda': 2.0, 'reg_alpha': 0.0, 'n_estimators': 100, 'min_child_weight': 3, 'max_depth': 10, 'learning_rate': 0.03, 'gamma': 0.5, 'colsample_bytree': 0.8}",-0.12573997676372528,-0.12573997676372528,0.0,118
0.12519621849060059,0.0,0.0015683174133300781,0.0,0.7,5.0,1.0,500,3,6,0.03,1.0,0.9,"{'subsample': 0.7, 'reg_lambda': 5.0, 'reg_alpha': 1.0, 'n_estimators': 500, 'min_child_weight': 3, 'max_depth': 6, 'learning_rate': 0.03, 'gamma': 1.0, 'colsample_bytree': 0.9}",-0.12903182208538055,-0.12903182208538055,0.0,178
0.028350830078125,0.0,0.001344919204711914,0.0,0.8,1.0,0.5,100,10,8,0.01,1.0,0.6,"{'subsample': 0.8, 'reg_lambda': 1.0, 'reg_alpha': 0.5, 'n_estimators': 100, 'min_child_weight': 10, 'max_depth': 8, 'learning_rate': 0.01, 'gamma': 1.0, 'colsample_bytree': 0.6}",-0.12902966141700745,-0.12902966141700745,0.0,166
0.07518911361694336,0.0,0.0014646053314208984,0.0,0.7,0.5,0.0,300,3,3,0.1,1.0,0.8,"{'subsample': 0.7, 'reg_lambda': 0.5, 'reg_alpha': 0.0, 'n_estimators': 300, 'min_child_weight': 3, 'max_depth': 3, 'learning_rate': 0.1, 'gamma': 1.0, 'colsample_bytree': 0.8}",-0.12904223799705505,-0.12904223799705505,0.0,194
0.05129551887512207,0.0,0.001434326171875,0.0,0.6,1.0,0.5,200,5,3,0.03,1.0,0.6,"{'subsample': 0.6, 'reg_lambda': 1.0, 'reg_alpha': 0.5, 'n_estimators': 200, 'min_child_weight': 5, 'max_depth': 3, 'learning_rate': 0.03, 'gamma': 1.0, 'colsample_bytree': 0.6}",-0.12902790307998657,-0.12902790307998657,0.0,153
0.051471710205078125,0.0,0.0014383792877197266,0.0,0.6,0.5,1.0,200,5,4,0.05,0.5,0.8,"{'subsample': 0.6, 'reg_lambda': 0.5, 'reg_alpha': 1.0, 'n_estimators': 200, 'min_child_weight': 5, 'max_depth': 4, 'learning_rate': 0.05, 'gamma': 0.5, 'colsample_bytree': 0.8}",-0.12902794778347015,-0.12902794778347015,0.0,154
0.1717984676361084,0.0,0.0016143321990966797,0.0,0.9,1.0,1.0,300,10,3,0.05,0.0,0.9,"{'subsample': 0.9, 'reg_lambda': 1.0, 'reg_alpha': 1.0, 'n_estimators': 300, 'min_child_weight': 10, 'max_depth': 3, 'learning_rate': 0.05, 'gamma': 0.0, 'colsample_bytree': 0.9}",-0.12210748344659805,-0.12210748344659805,0.0,20
0.18098855018615723,0.0,0.0016350746154785156,0.0,0.6,0.5,0.1,200,1,4,0.05,0.0,0.7,"{'subsample': 0.6, 'reg_lambda': 0.5, 'reg_alpha': 0.1, 'n_estimators': 200, 'min_child_weight': 1, 'max_depth': 4, 'learning_rate': 0.05, 'gamma': 0.0, 'colsample_bytree': 0.7}",-0.11920926719903946,-0.11920926719903946,0.0,3
0.19989776611328125,0.0,0.0016617774963378906,0.0,0.8,2.0,1.0,300,5,3,0.01,0.0,0.9,"{'subsample': 0.8, 'reg_lambda': 2.0, 'reg_alpha': 1.0, 'n_estimators': 300, 'min_child_weight': 5, 'max_depth': 3, 'learning_rate': 0.01, 'gamma': 0.0, 'colsample_bytree': 0.9}",-0.12215528637170792,-0.12215528637170792,0.0,21
0.05322456359863281,0.0,0.001462697982788086,0.0,0.6,0.5,1.0,200,1,6,0.01,0.5,0.9,"{'subsample': 0.6, 'reg_lambda': 0.5, 'reg_alpha': 1.0, 'n_estimators': 200, 'min_child_weight': 1, 'max_depth': 6, 'learning_rate': 0.01, 'gamma': 0.5, 'colsample_bytree': 0.9}",-0.1290300488471985,-0.1290300488471985,0.0,170
0.028306007385253906,0.0,0.0013325214385986328,0.0,0.7,0.5,0.0,100,1,3,0.01,1.0,0.8,"{'subsample': 0.7, 'reg_lambda': 0.5, 'reg_alpha': 0.0, 'n_estimators': 100, 'min_child_weight': 1, 'max_depth': 3, 'learning_rate': 0.01, 'gamma': 1.0, 'colsample_bytree': 0.8}",-0.1290300488471985,-0.1290300488471985,0.0,170
0.12900352478027344,0.0,0.0015802383422851562,0.0,0.9,2.0,0.1,500,1,3,0.05,0.1,0.7,"{'subsample': 0.9, 'reg_lambda': 2.0, 'reg_alpha': 0.1, 'n_estimators': 500, 'min_child_weight': 1, 'max_depth': 3, 'learning_rate': 0.05, 'gamma': 0.1, 'colsample_bytree': 0.7}",-0.12418299168348312,-0.12418299168348312,0.0,70
0.1594536304473877,0.0,0.0015909671783447266,0.0,0.6,0.5,0.5,500,1,8,0.01,0.1,0.9,"{'subsample': 0.6, 'reg_lambda': 0.5, 'reg_alpha': 0.5, 'n_estimators': 500, 'min_child_weight': 1, 'max_depth': 8, 'learning_rate': 0.01, 'gamma': 0.1, 'colsample_bytree': 0.9}",-0.12312572449445724,-0.12312572449445724,0.0,48
0.07738113403320312,0.0,0.001482248306274414,0.0,0.6,0.5,0.0,300,3,3,0.05,1.0,0.9,"{'subsample': 0.6, 'reg_lambda': 0.5, 'reg_alpha': 0.0, 'n_estimators': 300, 'min_child_weight': 3, 'max_depth': 3, 'learning_rate': 0.05, 'gamma': 1.0, 'colsample_bytree': 0.9}",-0.12904216349124908,-0.12904216349124908,0.0,193
0.28276872634887695,0.0,0.0017490386962890625,0.0,0.8,0.5,0.1,300,3,4,0.05,0.0,0.9,"{'subsample': 0.8, 'reg_lambda': 0.5, 'reg_alpha': 0.1, 'n_estimators': 300, 'min_child_weight': 3, 'max_depth': 4, 'learning_rate': 0.05, 'gamma': 0.0, 'colsample_bytree': 0.9}",-0.11831028759479523,-0.11831028759479523,0.0,1
0.25861501693725586,0.0,0.0017235279083251953,0.0,0.7,5.0,1.0,200,5,8,0.05,0.0,0.8,"{'subsample': 0.7, 'reg_lambda': 5.0, 'reg_alpha': 1.0, 'n_estimators': 200, 'min_child_weight': 5, 'max_depth': 8, 'learning_rate': 0.05, 'gamma': 0.0, 'colsample_bytree': 0.8}",-0.12110178172588348,-0.12110178172588348,0.0,10
0.028384923934936523,0.0,0.0013630390167236328,0.0,0.6,1.0,1.0,100,1,8,0.05,0.5,0.8,"{'subsample': 0.6, 'reg_lambda': 1.0, 'reg_alpha': 1.0, 'n_estimators': 100, 'min_child_weight': 1, 'max_depth': 8, 'learning_rate': 0.05, 'gamma': 0.5, 'colsample_bytree': 0.8}",-0.1290319859981537,-0.1290319859981537,0.0,181
0.07723259925842285,0.0,0.001478433609008789,0.0,0.9,2.0,0.5,300,5,3,0.03,1.0,0.9,"{'subsample': 0.9, 'reg_lambda': 2.0, 'reg_alpha': 0.5, 'n_estimators': 300, 'min_child_weight': 5, 'max_depth': 3, 'learning_rate': 0.03, 'gamma': 1.0, 'colsample_bytree': 0.9}",-0.12903369963169098,-0.12903369963169098,0.0,187
0.12398505210876465,0.0,0.001543283462524414,0.0,0.7,2.0,0.1,500,5,6,0.01,0.5,0.7,"{'subsample': 0.7, 'reg_lambda': 2.0, 'reg_alpha': 0.1, 'n_estimators': 500, 'min_child_weight': 5, 'max_depth': 6, 'learning_rate': 0.01, 'gamma': 0.5, 'colsample_bytree': 0.7}",-0.12601971626281738,-0.12601971626281738,0.0,126
0.07532763481140137,0.0,0.0014688968658447266,0.0,0.9,5.0,0.1,300,5,10,0.03,1.0,0.8,"{'subsample': 0.9, 'reg_lambda': 5.0, 'reg_alpha': 0.1, 'n_estimators': 300, 'min_child_weight': 5, 'max_depth': 10, 'learning_rate': 0.03, 'gamma': 1.0, 'colsample_bytree': 0.8}",-0.12903720140457153,-0.12903720140457153,0.0,190
0.12105941772460938,0.0,0.0015757083892822266,0.0,0.7,1.0,0.0,500,5,8,0.05,1.0,0.7,"{'subsample': 0.7, 'reg_lambda': 1.0, 'reg_alpha': 0.0, 'n_estimators': 500, 'min_child_weight': 5, 'max_depth': 8, 'learning_rate': 0.05, 'gamma': 1.0, 'colsample_bytree': 0.7}",-0.12904289364814758,-0.12904289364814758,0.0,195
0.1266345977783203,0.0,0.0015778541564941406,0.0,0.8,1.0,1.0,500,1,3,0.05,0.1,0.8,"{'subsample': 0.8, 'reg_lambda': 1.0, 'reg_alpha': 1.0, 'n_estimators': 500, 'min_child_weight': 1, 'max_depth': 3, 'learning_rate': 0.05, 'gamma': 0.1, 'colsample_bytree': 0.8}",-0.12189231067895889,-0.12189231067895889,0.0,15
